To honour the JVM settings for this build a single-use Daemon process will be forked. For more on this, please refer to https://docs.gradle.org/8.14.5/userguide/gradle_daemon.html#sec:disabling_the_daemon in the Gradle documentation.
Daemon will be stopped at the end of the build 
> Task :createMinecraftArtifacts UP-TO-DATE
> Task :compileJava UP-TO-DATE
> Task :generateModMetadata UP-TO-DATE
> Task :processResources UP-TO-DATE
> Task :classes UP-TO-DATE
> Task :downloadAssets UP-TO-DATE
> Task :writeClientLegacyClasspath UP-TO-DATE
> Task :prepareClientRun UP-TO-DATE

> Task :runClient
2026-09-13 08:45:49,946 main WARN Advanced terminal features are not available in this environment
[08:45:50] [main/INFO] [cp.mo.mo.Launcher/MODLAUNCHER]: ModLauncher running: args [--launchTarget, forgeclientuserdev, --version, MOD_DEV, --assetIndex, 5, --assetsDir, /root/.gradle/caches/neoformruntime/assets, --gameDir, ., --fml.forgeVersion, 47.1.3, --fml.mcVersion, 1.20.1, --fml.forgeGroup, net.minecraftforge, --fml.mcpVersion, 20230612.114412]
[08:45:50] [main/INFO] [cp.mo.mo.Launcher/MODLAUNCHER]: ModLauncher 10.0.10+10.0.10+main.22f00f84 starting: java version 17.0.20 by Eclipse Adoptium; OS Linux arch amd64 version 6.6.87.2-microsoft-standard-WSL2
[08:45:50] [main/DEBUG] [cp.mo.mo.LaunchServiceHandler/MODLAUNCHER]: Found launch services [fmlclientdev,forgeclient,minecraft,forgegametestserverdev,fmlserveruserdev,fmlclient,fmldatauserdev,forgeserverdev,forgeserveruserdev,forgeclientdev,forgeclientuserdev,forgeserver,forgedatadev,fmlserver,fmlclientuserdev,fmlserverdev,forgedatauserdev,testharness,forgegametestserveruserdev]
[08:45:50] [main/DEBUG] [cp.mo.mo.NameMappingServiceHandler/MODLAUNCHER]: Found naming services : [srgtomcp]
[08:45:50] [main/DEBUG] [cp.mo.mo.LaunchPluginHandler/MODLAUNCHER]: Found launch plugins: [mixin,eventbus,slf4jfixer,object_holder_definalize,runtime_enum_extender,capability_token_subclass,accesstransformer,runtimedistcleaner]
[08:45:50] [main/DEBUG] [cp.mo.mo.TransformationServicesHandler/MODLAUNCHER]: Discovering transformation services
[08:45:50] [main/DEBUG] [ne.mi.fm.lo.FMLPaths/CORE]: Path GAMEDIR is /work/run
[08:45:50] [main/DEBUG] [ne.mi.fm.lo.FMLPaths/CORE]: Path MODSDIR is /work/run/mods
[08:45:50] [main/DEBUG] [ne.mi.fm.lo.FMLPaths/CORE]: Path CONFIGDIR is /work/run/config
[08:45:50] [main/DEBUG] [ne.mi.fm.lo.FMLPaths/CORE]: Path FMLCONFIG is /work/run/config/fml.toml
[08:45:50] [main/DEBUG] [cp.mo.mo.TransformationServicesHandler/MODLAUNCHER]: Found additional transformation services from discovery services: 
[08:45:50] [main/INFO] [ne.mi.fm.lo.ImmediateWindowHandler/]: Loading ImmediateWindowProvider fmlearlywindow
[08:45:50] [main/INFO] [EARLYDISPLAY/]: Trying GL version 4.6
[08:45:50] [main/INFO] [EARLYDISPLAY/]: Trying GL version 4.5
[08:45:50] [main/INFO] [EARLYDISPLAY/]: Requested GL version 4.5 got version 4.5
[08:45:50] [main/DEBUG] [cp.mo.mo.TransformationServicesHandler/MODLAUNCHER]: Found transformer services : [mixin,fml]
[08:45:50] [main/DEBUG] [cp.mo.mo.TransformationServicesHandler/MODLAUNCHER]: Transformation services loading
[08:45:50] [main/DEBUG] [cp.mo.mo.TransformationServiceDecorator/MODLAUNCHER]: Loading service mixin
[08:45:50] [main/DEBUG] [cp.mo.mo.TransformationServiceDecorator/MODLAUNCHER]: Loaded service mixin
[08:45:50] [main/DEBUG] [cp.mo.mo.TransformationServiceDecorator/MODLAUNCHER]: Loading service fml
[08:45:50] [main/DEBUG] [ne.mi.fm.lo.LauncherVersion/CORE]: Found FMLLauncher version 1.0
[08:45:50] [main/DEBUG] [ne.mi.fm.lo.FMLLoader/CORE]: FML 1.0 loading
[08:45:50] [main/DEBUG] [ne.mi.fm.lo.FMLLoader/CORE]: FML found ModLauncher version : 10.0.10+10.0.10+main.22f00f84
[08:45:50] [main/DEBUG] [ne.mi.fm.lo.FMLLoader/CORE]: FML found AccessTransformer version : 8.0.4+66+master.c09db6d7
[08:45:50] [main/DEBUG] [ne.mi.fm.lo.FMLLoader/CORE]: FML found EventBus version : 6.0.5+6.0.5+master.eb8e549b
[08:45:50] [main/DEBUG] [ne.mi.fm.lo.FMLLoader/CORE]: Found Runtime Dist Cleaner
[08:45:50] [main/DEBUG] [ne.mi.fm.lo.FMLLoader/CORE]: FML found CoreMod version : 5.0.1+15+master.dc5a2922
[08:45:50] [main/DEBUG] [ne.mi.fm.lo.FMLLoader/CORE]: Found ForgeSPI package implementation version 7.0.1+7.0.1+master.d2b38bf6
[08:45:50] [main/DEBUG] [ne.mi.fm.lo.FMLLoader/CORE]: Found ForgeSPI package specification 5
[08:45:50] [main/DEBUG] [cp.mo.mo.TransformationServiceDecorator/MODLAUNCHER]: Loaded service fml
[08:45:50] [main/DEBUG] [cp.mo.mo.TransformationServicesHandler/MODLAUNCHER]: Configuring option handling for services
[08:45:50] [main/DEBUG] [cp.mo.mo.TransformationServicesHandler/MODLAUNCHER]: Transformation services initializing
[08:45:50] [main/DEBUG] [cp.mo.mo.TransformationServiceDecorator/MODLAUNCHER]: Initializing transformation service mixin
[08:45:50] [main/DEBUG] [mixin/]: MixinService [ModLauncher] was successfully booted in cpw.mods.cl.ModuleClassLoader@13acb0d1
[08:45:50] [pool-2-thread-1/INFO] [EARLYDISPLAY/]: GL info: llvmpipe (LLVM 21.1.8, 256 bits) GL version 4.5 (Core Profile) Mesa 26.0.8-1ubuntu0.3, Mesa
[08:45:50] [main/INFO] [mixin/]: SpongePowered MIXIN Subsystem Version=0.8.5 Source=union:/root/.gradle/caches/modules-2/files-2.1/org.spongepowered/mixin/0.8.5/9d1c0c3a304ae6697ecd477218fa61b850bf57fc/mixin-0.8.5.jar%23176!/ Service=ModLauncher Env=CLIENT
[08:45:50] [main/DEBUG] [mixin/]: Initialising Mixin Platform Manager
[08:45:50] [main/DEBUG] [mixin/]: Adding mixin platform agents for container ModLauncher Root Container(ModLauncher:4f56a0a2)
[08:45:50] [main/DEBUG] [mixin/]: Instancing new MixinPlatformAgentMinecraftForge for ModLauncher Root Container(ModLauncher:4f56a0a2)
[08:45:50] [main/DEBUG] [mixin/]: MixinPlatformAgentMinecraftForge rejected container ModLauncher Root Container(ModLauncher:4f56a0a2)
[08:45:50] [main/DEBUG] [mixin/]: Instancing new MixinPlatformAgentDefault for ModLauncher Root Container(ModLauncher:4f56a0a2)
[08:45:50] [main/DEBUG] [mixin/]: MixinPlatformAgentDefault accepted container ModLauncher Root Container(ModLauncher:4f56a0a2)
[08:45:50] [main/DEBUG] [cp.mo.mo.TransformationServiceDecorator/MODLAUNCHER]: Initialized transformation service mixin
[08:45:50] [main/DEBUG] [cp.mo.mo.TransformationServiceDecorator/MODLAUNCHER]: Initializing transformation service fml
[08:45:50] [main/DEBUG] [ne.mi.fm.lo.FMLServiceProvider/CORE]: Setting up basic FML game directories
[08:45:50] [main/DEBUG] [ne.mi.fm.lo.FMLPaths/CORE]: Path GAMEDIR is /work/run
[08:45:50] [main/DEBUG] [ne.mi.fm.lo.FMLPaths/CORE]: Path MODSDIR is /work/run/mods
[08:45:50] [main/DEBUG] [ne.mi.fm.lo.FMLPaths/CORE]: Path CONFIGDIR is /work/run/config
[08:45:50] [main/DEBUG] [ne.mi.fm.lo.FMLPaths/CORE]: Path FMLCONFIG is /work/run/config/fml.toml
[08:45:50] [main/DEBUG] [ne.mi.fm.lo.FMLServiceProvider/CORE]: Loading configuration
[08:45:50] [main/DEBUG] [ne.mi.fm.lo.FMLServiceProvider/CORE]: Preparing ModFile
[08:45:50] [main/DEBUG] [ne.mi.fm.lo.FMLServiceProvider/CORE]: Preparing launch handler
[08:45:50] [main/DEBUG] [ne.mi.fm.lo.FMLLoader/CORE]: Using forgeclientuserdev as launch service
[08:45:50] [main/DEBUG] [ne.mi.fm.lo.FMLLoader/CORE]: Received command line version data  : VersionInfo[forgeVersion=47.1.3, mcVersion=1.20.1, mcpVersion=20230612.114412, forgeGroup=net.minecraftforge]
[08:45:50] [main/DEBUG] [cp.mo.mo.TransformationServiceDecorator/MODLAUNCHER]: Initialized transformation service fml
[08:45:50] [main/DEBUG] [cp.mo.mo.NameMappingServiceHandler/MODLAUNCHER]: Current naming domain is 'mcp'
[08:45:50] [main/DEBUG] [cp.mo.mo.NameMappingServiceHandler/MODLAUNCHER]: Identified name mapping providers {srg=srgtomcp:1234}
[08:45:50] [main/DEBUG] [cp.mo.mo.TransformationServicesHandler/MODLAUNCHER]: Transformation services begin scanning
[08:45:50] [main/DEBUG] [cp.mo.mo.TransformationServiceDecorator/MODLAUNCHER]: Beginning scan trigger - transformation service mixin
[08:45:50] [main/DEBUG] [cp.mo.mo.TransformationServiceDecorator/MODLAUNCHER]: End scan trigger - transformation service mixin
[08:45:50] [main/DEBUG] [cp.mo.mo.TransformationServiceDecorator/MODLAUNCHER]: Beginning scan trigger - transformation service fml
[08:45:50] [main/DEBUG] [ne.mi.fm.lo.FMLServiceProvider/CORE]: Initiating mod scan
[08:45:50] [main/DEBUG] [ne.mi.fm.lo.mo.ModListHandler/CORE]: Found mod coordinates from lists: []
[08:45:50] [main/DEBUG] [ne.mi.fm.lo.mo.ModDiscoverer/CORE]: Found Mod Locators : (mods folder:null),(maven libs:null),(exploded directory:null),(minecraft:null),(userdev classpath:null)
[08:45:50] [main/DEBUG] [ne.mi.fm.lo.mo.ModDiscoverer/CORE]: Found Dependency Locators : (JarInJar:null)
[08:45:50] [main/DEBUG] [ne.mi.fm.lo.ta.CommonLaunchHandler/CORE]: Got mod coordinates lightningfruit%%/work/build/classes/java/main:lightningfruit%%/work/build/resources/main from env
[08:45:50] [main/DEBUG] [ne.mi.fm.lo.ta.CommonLaunchHandler/CORE]: Found supplied mod coordinates [{lightningfruit=[/work/build/classes/java/main, /work/build/resources/main]}]
[08:45:56] [main/DEBUG] [ne.mi.fm.lo.mo.ModFileInfo/LOADING]: Found valid mod file forge-1.20.1-47.1.3.jar with {minecraft} mods - versions {1.20.1}
[08:45:56] [main/DEBUG] [ne.mi.fm.lo.mo.ModFileParser/LOADING]: Considering mod file candidate /root/.gradle/caches/modules-2/files-2.1/net.minecraftforge/fmlcore/1.20.1-47.1.3/1aadc0201d8e97b107d9978c7fe066bb54bbb9dc/fmlcore-1.20.1-47.1.3.jar
[08:45:56] [main/WARN] [ne.mi.fm.lo.mo.ModFileParser/LOADING]: Mod file /root/.gradle/caches/modules-2/files-2.1/net.minecraftforge/fmlcore/1.20.1-47.1.3/1aadc0201d8e97b107d9978c7fe066bb54bbb9dc/fmlcore-1.20.1-47.1.3.jar is missing mods.toml file
[08:45:56] [main/DEBUG] [ne.mi.fm.lo.mo.ModFileParser/LOADING]: Considering mod file candidate /root/.gradle/caches/modules-2/files-2.1/net.minecraftforge/javafmllanguage/1.20.1-47.1.3/9775dc3f284cdb3e0d33b372c328c6ef88e434b0/javafmllanguage-1.20.1-47.1.3.jar
[08:45:56] [main/WARN] [ne.mi.fm.lo.mo.ModFileParser/LOADING]: Mod file /root/.gradle/caches/modules-2/files-2.1/net.minecraftforge/javafmllanguage/1.20.1-47.1.3/9775dc3f284cdb3e0d33b372c328c6ef88e434b0/javafmllanguage-1.20.1-47.1.3.jar is missing mods.toml file
[08:45:56] [main/DEBUG] [ne.mi.fm.lo.mo.ModFileParser/LOADING]: Considering mod file candidate /root/.gradle/caches/modules-2/files-2.1/net.minecraftforge/lowcodelanguage/1.20.1-47.1.3/d785f4087ec3be094fd5aed801f5366ca958a81b/lowcodelanguage-1.20.1-47.1.3.jar
[08:45:56] [main/WARN] [ne.mi.fm.lo.mo.ModFileParser/LOADING]: Mod file /root/.gradle/caches/modules-2/files-2.1/net.minecraftforge/lowcodelanguage/1.20.1-47.1.3/d785f4087ec3be094fd5aed801f5366ca958a81b/lowcodelanguage-1.20.1-47.1.3.jar is missing mods.toml file
[08:45:56] [main/DEBUG] [ne.mi.fm.lo.mo.ModFileParser/LOADING]: Considering mod file candidate /root/.gradle/caches/modules-2/files-2.1/net.minecraftforge/mclanguage/1.20.1-47.1.3/be60c45f3578cdf944a669c6ea16fd91bec50f2e/mclanguage-1.20.1-47.1.3.jar
[08:45:56] [main/WARN] [ne.mi.fm.lo.mo.ModFileParser/LOADING]: Mod file /root/.gradle/caches/modules-2/files-2.1/net.minecraftforge/mclanguage/1.20.1-47.1.3/be60c45f3578cdf944a669c6ea16fd91bec50f2e/mclanguage-1.20.1-47.1.3.jar is missing mods.toml file
[08:45:56] [main/DEBUG] [ne.mi.fm.lo.mo.ModFileParser/LOADING]: Considering mod file candidate /work/build/classes/java/main
[08:45:56] [main/DEBUG] [ne.mi.fm.lo.mo.ModFileInfo/LOADING]: Found valid mod file main with {lightningfruit} mods - versions {1.0.0}
[08:45:56] [main/DEBUG] [ne.mi.fm.lo.mo.ModFileParser/LOADING]: Considering mod file candidate /
[08:45:56] [main/DEBUG] [ne.mi.fm.lo.mo.ModFileInfo/LOADING]: Found valid mod file  with {forge} mods - versions {47.1.3}
[08:45:56] [main/DEBUG] [ne.mi.fm.lo.mo.AbstractJarFileDependencyLocator/]: Failed to load resource META-INF/jarjar/metadata.json from forge-1.20.1-47.1.3.jar, it does not contain dependency information.
[08:45:56] [main/DEBUG] [ne.mi.fm.lo.mo.AbstractJarFileDependencyLocator/]: Failed to load resource META-INF/jarjar/metadata.json from main, it does not contain dependency information.
[08:45:56] [main/DEBUG] [ne.mi.fm.lo.mo.AbstractJarFileDependencyLocator/]: Failed to load resource META-INF/jarjar/metadata.json from , it does not contain dependency information.
[08:45:56] [main/DEBUG] [ne.mi.fm.lo.mo.AbstractJarFileDependencyLocator/]: Failed to load resource META-INF/jarjar/metadata.json from mclanguage-1.20.1-47.1.3.jar, it does not contain dependency information.
[08:45:56] [main/DEBUG] [ne.mi.fm.lo.mo.AbstractJarFileDependencyLocator/]: Failed to load resource META-INF/jarjar/metadata.json from javafmllanguage-1.20.1-47.1.3.jar, it does not contain dependency information.
[08:45:56] [main/DEBUG] [ne.mi.fm.lo.mo.AbstractJarFileDependencyLocator/]: Failed to load resource META-INF/jarjar/metadata.json from fmlcore-1.20.1-47.1.3.jar, it does not contain dependency information.
[08:45:56] [main/DEBUG] [ne.mi.fm.lo.mo.AbstractJarFileDependencyLocator/]: Failed to load resource META-INF/jarjar/metadata.json from lowcodelanguage-1.20.1-47.1.3.jar, it does not contain dependency information.
[08:45:56] [main/INFO] [ne.mi.fm.lo.mo.JarInJarDependencyLocator/]: No dependencies to load found. Skipping!
[08:45:56] [main/DEBUG] [ne.mi.fm.lo.mo.ModFileInfo/LOADING]: Found valid mod file forge-1.20.1-47.1.3.jar with {minecraft} mods - versions {1.20.1}
[08:45:56] [main/DEBUG] [ne.mi.fm.lo.mo.ModFile/LOADING]: Loading mod file /work/build/moddev/artifacts/forge-1.20.1-47.1.3.jar with languages [LanguageSpec[languageName=minecraft, acceptedVersions=1]]
[08:45:56] [main/DEBUG] [ne.mi.fm.lo.mo.ModFileParser/LOADING]: Considering mod file candidate /work/build/classes/java/main
[08:45:56] [main/DEBUG] [ne.mi.fm.lo.mo.ModFileInfo/LOADING]: Found valid mod file main with {lightningfruit} mods - versions {1.0.0}
[08:45:56] [main/DEBUG] [ne.mi.fm.lo.mo.ModFile/LOADING]: Loading mod file /work/build/classes/java/main with languages [LanguageSpec[languageName=javafml, acceptedVersions=[47,)]]
[08:45:56] [main/DEBUG] [ne.mi.fm.lo.mo.ModFileParser/LOADING]: Considering mod file candidate /
[08:45:56] [main/DEBUG] [ne.mi.fm.lo.mo.ModFileInfo/LOADING]: Found valid mod file  with {forge} mods - versions {47.1.3}
[08:45:56] [main/DEBUG] [ne.mi.fm.lo.mo.ModFile/LOADING]: Loading mod file / with languages [LanguageSpec[languageName=javafml, acceptedVersions=[24,]]]
[08:45:56] [main/DEBUG] [ne.mi.fm.lo.mo.ModFileParser/LOADING]: Found coremod field_to_method with Javascript path coremods/field_to_method.js
[08:45:56] [main/DEBUG] [ne.mi.fm.lo.mo.ModFileParser/LOADING]: Found coremod field_to_instanceof with Javascript path coremods/field_to_instanceof.js
[08:45:56] [main/DEBUG] [ne.mi.fm.lo.mo.ModFileParser/LOADING]: Found coremod add_bouncer_method with Javascript path coremods/add_bouncer_method.js
[08:45:56] [main/DEBUG] [ne.mi.fm.lo.mo.ModFileParser/LOADING]: Found coremod method_redirector with Javascript path coremods/method_redirector.js
[08:45:56] [main/DEBUG] [ne.mi.fm.lo.mo.ModFile/LOADING]: Found coremod coremods/field_to_method.js
[08:45:56] [main/DEBUG] [ne.mi.fm.lo.mo.ModFile/LOADING]: Found coremod coremods/field_to_instanceof.js
[08:45:56] [main/DEBUG] [ne.mi.fm.lo.mo.ModFile/LOADING]: Found coremod coremods/add_bouncer_method.js
[08:45:56] [main/DEBUG] [ne.mi.fm.lo.mo.ModFile/LOADING]: Found coremod coremods/method_redirector.js
[08:45:56] [main/DEBUG] [cp.mo.mo.TransformationServiceDecorator/MODLAUNCHER]: End scan trigger - transformation service fml
[08:45:56] [main/DEBUG] [ne.mi.fm.lo.LanguageLoadingProvider/CORE]: Found 3 language providers
[08:45:56] [main/DEBUG] [ne.mi.fm.lo.LanguageLoadingProvider/CORE]: Found language provider minecraft, version 1.0
[08:45:56] [main/DEBUG] [ne.mi.fm.lo.LanguageLoadingProvider/CORE]: Found language provider lowcodefml, version 47
[08:45:56] [main/DEBUG] [ne.mi.fm.lo.LanguageLoadingProvider/CORE]: Found language provider javafml, version 47
[08:45:56] [main/DEBUG] [ne.mi.fm.lo.ModSorter/]: Configured system mods: [minecraft, forge]
[08:45:56] [main/DEBUG] [ne.mi.fm.lo.ModSorter/]: Found system mod: minecraft
[08:45:56] [main/DEBUG] [ne.mi.fm.lo.ModSorter/]: Found system mod: forge
[08:45:56] [main/DEBUG] [ne.mi.fm.lo.ModSorter/LOADING]: Found 2 mod requirements (2 mandatory, 0 optional)
[08:45:56] [main/DEBUG] [ne.mi.fm.lo.ModSorter/LOADING]: Found 0 mod requirements missing (0 mandatory, 0 optional)
[08:45:57] [main/DEBUG] [ne.mi.fm.lo.MCPNamingService/CORE]: Loaded 33222 method mappings from methods.csv
[08:45:57] [main/DEBUG] [ne.mi.fm.lo.MCPNamingService/CORE]: Loaded 31003 field mappings from fields.csv
[08:45:57] [main/DEBUG] [cp.mo.mo.TransformationServicesHandler/MODLAUNCHER]: Transformation services loading transformers
[08:45:57] [main/DEBUG] [cp.mo.mo.TransformationServiceDecorator/MODLAUNCHER]: Initializing transformers for transformation service mixin
[08:45:57] [main/DEBUG] [cp.mo.mo.TransformationServiceDecorator/MODLAUNCHER]: Initialized transformers for transformation service mixin
[08:45:57] [main/DEBUG] [cp.mo.mo.TransformationServiceDecorator/MODLAUNCHER]: Initializing transformers for transformation service fml
[08:45:57] [main/DEBUG] [ne.mi.fm.lo.FMLServiceProvider/CORE]: Loading coremod transformers
[08:45:57] [main/DEBUG] [ne.mi.co.CoreModEngine/COREMOD]: Loading CoreMod from coremods/field_to_method.js
[08:45:57] [main/DEBUG] [ne.mi.co.CoreModEngine/COREMOD]: CoreMod loaded successfully
[08:45:57] [main/DEBUG] [ne.mi.co.CoreModEngine/COREMOD]: Loading CoreMod from coremods/field_to_instanceof.js
[08:45:57] [main/DEBUG] [ne.mi.co.CoreModEngine/COREMOD]: CoreMod loaded successfully
[08:45:57] [main/DEBUG] [ne.mi.co.CoreModEngine/COREMOD]: Loading CoreMod from coremods/add_bouncer_method.js
[08:45:57] [main/DEBUG] [ne.mi.co.CoreModEngine/COREMOD]: CoreMod loaded successfully
[08:45:57] [main/DEBUG] [ne.mi.co.CoreModEngine/COREMOD]: Loading CoreMod from coremods/method_redirector.js
[08:45:57] [main/DEBUG] [ne.mi.co.CoreModEngine/COREMOD]: CoreMod loaded successfully
[08:45:57] [main/DEBUG] [cp.mo.mo.TransformStore/MODLAUNCHER]: Adding transformer net.minecraftforge.coremod.transformer.CoreModClassTransformer@2f9a4401 to Target : CLASS {Lnet/minecraft/world/level/biome/Biome;} {} {V}
[08:45:57] [main/DEBUG] [cp.mo.mo.TransformStore/MODLAUNCHER]: Adding transformer net.minecraftforge.coremod.transformer.CoreModClassTransformer@37baddde to Target : CLASS {Lnet/minecraft/world/level/levelgen/structure/Structure;} {} {V}
[08:45:57] [main/DEBUG] [cp.mo.mo.TransformStore/MODLAUNCHER]: Adding transformer net.minecraftforge.coremod.transformer.CoreModClassTransformer@5115f590 to Target : CLASS {Lnet/minecraft/world/effect/MobEffectInstance;} {} {V}
[08:45:57] [main/DEBUG] [cp.mo.mo.TransformStore/MODLAUNCHER]: Adding transformer net.minecraftforge.coremod.transformer.CoreModClassTransformer@4b31a708 to Target : CLASS {Lnet/minecraft/world/level/block/LiquidBlock;} {} {V}
[08:45:57] [main/DEBUG] [cp.mo.mo.TransformStore/MODLAUNCHER]: Adding transformer net.minecraftforge.coremod.transformer.CoreModClassTransformer@11e355ca to Target : CLASS {Lnet/minecraft/world/item/BucketItem;} {} {V}
[08:45:57] [main/DEBUG] [cp.mo.mo.TransformStore/MODLAUNCHER]: Adding transformer net.minecraftforge.coremod.transformer.CoreModClassTransformer@70d63e05 to Target : CLASS {Lnet/minecraft/world/level/block/StairBlock;} {} {V}
[08:45:57] [main/DEBUG] [cp.mo.mo.TransformStore/MODLAUNCHER]: Adding transformer net.minecraftforge.coremod.transformer.CoreModClassTransformer@e11ecfa to Target : CLASS {Lnet/minecraft/world/level/block/FlowerPotBlock;} {} {V}
[08:45:57] [main/DEBUG] [cp.mo.mo.TransformStore/MODLAUNCHER]: Adding transformer net.minecraftforge.coremod.transformer.CoreModClassTransformer@485e13d7 to Target : CLASS {Lnet/minecraft/world/item/ItemStack;} {} {V}
[08:45:57] [main/DEBUG] [cp.mo.mo.TransformStore/MODLAUNCHER]: Adding transformer net.minecraftforge.coremod.transformer.CoreModClassTransformer@43984213 to Target : CLASS {Lnet/minecraft/network/play/client/CClientSettingsPacket;} {} {V}
[08:45:57] [main/DEBUG] [cp.mo.mo.TransformStore/MODLAUNCHER]: Adding transformer net.minecraftforge.coremod.transformer.CoreModClassTransformer@2ff7a73 to Target : CLASS {Lnet/minecraft/world/entity/npc/CatSpawner;} {} {V}
[08:45:57] [main/DEBUG] [cp.mo.mo.TransformStore/MODLAUNCHER]: Adding transformer net.minecraftforge.coremod.transformer.CoreModClassTransformer@2ff7a73 to Target : CLASS {Lnet/minecraft/world/entity/raid/Raid;} {} {V}
[08:45:57] [main/DEBUG] [cp.mo.mo.TransformStore/MODLAUNCHER]: Adding transformer net.minecraftforge.coremod.transformer.CoreModClassTransformer@2ff7a73 to Target : CLASS {Lnet/minecraft/server/commands/SummonCommand;} {} {V}
[08:45:57] [main/DEBUG] [cp.mo.mo.TransformStore/MODLAUNCHER]: Adding transformer net.minecraftforge.coremod.transformer.CoreModClassTransformer@2ff7a73 to Target : CLASS {Lnet/minecraft/world/level/levelgen/PatrolSpawner;} {} {V}
[08:45:57] [main/DEBUG] [cp.mo.mo.TransformStore/MODLAUNCHER]: Adding transformer net.minecraftforge.coremod.transformer.CoreModClassTransformer@2ff7a73 to Target : CLASS {Lnet/minecraft/world/entity/monster/Strider;} {} {V}
[08:45:57] [main/DEBUG] [cp.mo.mo.TransformStore/MODLAUNCHER]: Adding transformer net.minecraftforge.coremod.transformer.CoreModClassTransformer@2ff7a73 to Target : CLASS {Lnet/minecraft/world/level/NaturalSpawner;} {} {V}
[08:45:57] [main/DEBUG] [cp.mo.mo.TransformStore/MODLAUNCHER]: Adding transformer net.minecraftforge.coremod.transformer.CoreModClassTransformer@2ff7a73 to Target : CLASS {Lnet/minecraft/world/level/levelgen/PhantomSpawner;} {} {V}
[08:45:57] [main/DEBUG] [cp.mo.mo.TransformStore/MODLAUNCHER]: Adding transformer net.minecraftforge.coremod.transformer.CoreModClassTransformer@2ff7a73 to Target : CLASS {Lnet/minecraft/world/level/levelgen/structure/structures/OceanRuinPieces$OceanRuinPiece;} {} {V}
[08:45:57] [main/DEBUG] [cp.mo.mo.TransformStore/MODLAUNCHER]: Adding transformer net.minecraftforge.coremod.transformer.CoreModClassTransformer@2ff7a73 to Target : CLASS {Lnet/minecraft/world/entity/monster/Zombie;} {} {V}
[08:45:57] [main/DEBUG] [cp.mo.mo.TransformStore/MODLAUNCHER]: Adding transformer net.minecraftforge.coremod.transformer.CoreModClassTransformer@2ff7a73 to Target : CLASS {Lnet/minecraft/world/level/levelgen/structure/structures/SwampHutPiece;} {} {V}
[08:45:57] [main/DEBUG] [cp.mo.mo.TransformStore/MODLAUNCHER]: Adding transformer net.minecraftforge.coremod.transformer.CoreModClassTransformer@2ff7a73 to Target : CLASS {Lnet/minecraft/world/entity/ai/village/VillageSiege;} {} {V}
[08:45:57] [main/DEBUG] [cp.mo.mo.TransformStore/MODLAUNCHER]: Adding transformer net.minecraftforge.coremod.transformer.CoreModClassTransformer@2ff7a73 to Target : CLASS {Lnet/minecraft/world/entity/monster/ZombieVillager;} {} {V}
[08:45:57] [main/DEBUG] [cp.mo.mo.TransformStore/MODLAUNCHER]: Adding transformer net.minecraftforge.coremod.transformer.CoreModClassTransformer@2ff7a73 to Target : CLASS {Lnet/minecraft/world/entity/monster/Spider;} {} {V}
[08:45:57] [main/DEBUG] [cp.mo.mo.TransformStore/MODLAUNCHER]: Adding transformer net.minecraftforge.coremod.transformer.CoreModClassTransformer@2ff7a73 to Target : CLASS {Lnet/minecraft/world/entity/monster/Evoker$EvokerSummonSpellGoal;} {} {V}
[08:45:57] [main/DEBUG] [cp.mo.mo.TransformStore/MODLAUNCHER]: Adding transformer net.minecraftforge.coremod.transformer.CoreModClassTransformer@2ff7a73 to Target : CLASS {Lnet/minecraft/world/level/levelgen/structure/structures/WoodlandMansionPieces$WoodlandMansionPiece;} {} {V}
[08:45:57] [main/DEBUG] [cp.mo.mo.TransformStore/MODLAUNCHER]: Adding transformer net.minecraftforge.coremod.transformer.CoreModClassTransformer@2ff7a73 to Target : CLASS {Lnet/minecraft/world/level/levelgen/structure/templatesystem/StructureTemplate;} {} {V}
[08:45:57] [main/DEBUG] [cp.mo.mo.TransformStore/MODLAUNCHER]: Adding transformer net.minecraftforge.coremod.transformer.CoreModClassTransformer@2ff7a73 to Target : CLASS {Lnet/minecraft/world/level/levelgen/structure/structures/OceanMonumentPieces$OceanMonumentPiece;} {} {V}
[08:45:57] [main/DEBUG] [cp.mo.mo.TransformStore/MODLAUNCHER]: Adding transformer net.minecraftforge.coremod.transformer.CoreModClassTransformer@2ff7a73 to Target : CLASS {Lnet/minecraft/world/entity/animal/frog/Tadpole;} {} {V}
[08:45:57] [main/DEBUG] [cp.mo.mo.TransformStore/MODLAUNCHER]: Adding transformer net.minecraftforge.coremod.transformer.CoreModClassTransformer@2ff7a73 to Target : CLASS {Lnet/minecraft/world/entity/npc/Villager;} {} {V}
[08:45:57] [main/DEBUG] [cp.mo.mo.TransformStore/MODLAUNCHER]: Adding transformer net.minecraftforge.coremod.transformer.CoreModClassTransformer@2ff7a73 to Target : CLASS {Lnet/minecraft/server/commands/RaidCommand;} {} {V}
[08:45:57] [main/DEBUG] [cp.mo.mo.TransformStore/MODLAUNCHER]: Adding transformer net.minecraftforge.coremod.transformer.CoreModClassTransformer@2ff7a73 to Target : CLASS {Lnet/minecraft/world/entity/EntityType;} {} {V}
[08:45:57] [main/DEBUG] [cp.mo.mo.TransformStore/MODLAUNCHER]: Adding transformer net.minecraftforge.coremod.transformer.CoreModClassTransformer@2ff7a73 to Target : CLASS {Lnet/minecraft/world/entity/animal/horse/SkeletonTrapGoal;} {} {V}
[08:45:57] [main/DEBUG] [cp.mo.mo.TransformationServiceDecorator/MODLAUNCHER]: Initialized transformers for transformation service fml
[08:46:21] [main/DEBUG] [mixin/]: Processing prepare() for PlatformAgent[MixinPlatformAgentDefault:ModLauncher Root Container(ModLauncher:4f56a0a2)]
[08:46:21] [main/DEBUG] [mixin/]: Processing launch tasks for PlatformAgent[MixinPlatformAgentDefault:ModLauncher Root Container(ModLauncher:4f56a0a2)]
[08:46:21] [main/DEBUG] [mixin/]: Adding mixin platform agents for container SecureJarResource(minecraft)
[08:46:21] [main/DEBUG] [mixin/]: Instancing new MixinPlatformAgentMinecraftForge for SecureJarResource(minecraft)
[08:46:21] [main/DEBUG] [mixin/]: MixinPlatformAgentMinecraftForge rejected container SecureJarResource(minecraft)
[08:46:21] [main/DEBUG] [mixin/]: Instancing new MixinPlatformAgentDefault for SecureJarResource(minecraft)
[08:46:21] [main/DEBUG] [mixin/]: MixinPlatformAgentDefault accepted container SecureJarResource(minecraft)
[08:46:21] [main/DEBUG] [mixin/]: Processing prepare() for PlatformAgent[MixinPlatformAgentDefault:SecureJarResource(minecraft)]
[08:46:21] [main/DEBUG] [mixin/]: Adding mixin platform agents for container SecureJarResource(lightningfruit)
[08:46:21] [main/DEBUG] [mixin/]: Instancing new MixinPlatformAgentMinecraftForge for SecureJarResource(lightningfruit)
[08:46:21] [main/DEBUG] [mixin/]: MixinPlatformAgentMinecraftForge rejected container SecureJarResource(lightningfruit)
[08:46:21] [main/DEBUG] [mixin/]: Instancing new MixinPlatformAgentDefault for SecureJarResource(lightningfruit)
[08:46:21] [main/DEBUG] [mixin/]: MixinPlatformAgentDefault accepted container SecureJarResource(lightningfruit)
[08:46:21] [main/DEBUG] [mixin/]: Processing prepare() for PlatformAgent[MixinPlatformAgentDefault:SecureJarResource(lightningfruit)]
[08:46:21] [main/DEBUG] [mixin/]: Adding mixin platform agents for container SecureJarResource(forge)
[08:46:21] [main/DEBUG] [mixin/]: Instancing new MixinPlatformAgentMinecraftForge for SecureJarResource(forge)
[08:46:21] [main/DEBUG] [mixin/]: MixinPlatformAgentMinecraftForge rejected container SecureJarResource(forge)
[08:46:21] [main/DEBUG] [mixin/]: Instancing new MixinPlatformAgentDefault for SecureJarResource(forge)
[08:46:21] [main/DEBUG] [mixin/]: MixinPlatformAgentDefault accepted container SecureJarResource(forge)
[08:46:21] [main/DEBUG] [mixin/]: Processing prepare() for PlatformAgent[MixinPlatformAgentDefault:SecureJarResource(forge)]
[08:46:21] [main/DEBUG] [mixin/]: inject() running with 4 agents
[08:46:21] [main/DEBUG] [mixin/]: Processing inject() for PlatformAgent[MixinPlatformAgentDefault:ModLauncher Root Container(ModLauncher:4f56a0a2)]
[08:46:21] [main/DEBUG] [mixin/]: Processing inject() for PlatformAgent[MixinPlatformAgentDefault:SecureJarResource(minecraft)]
[08:46:21] [main/DEBUG] [mixin/]: Processing inject() for PlatformAgent[MixinPlatformAgentDefault:SecureJarResource(lightningfruit)]
[08:46:21] [main/DEBUG] [mixin/]: Processing inject() for PlatformAgent[MixinPlatformAgentDefault:SecureJarResource(forge)]
[08:46:21] [main/INFO] [cp.mo.mo.LaunchServiceHandler/MODLAUNCHER]: Launching target 'forgeclientuserdev' with arguments [--version, MOD_DEV, --gameDir, ., --assetsDir, /root/.gradle/caches/neoformruntime/assets, --assetIndex, 5]
[08:46:21] [main/DEBUG] [mixin/]: Error cleaning class output directory: .mixin.out
[08:46:21] [main/DEBUG] [mixin/]: Preparing mixins for MixinEnvironment[DEFAULT]
[08:46:26] [Datafixer Bootstrap/INFO] [mojang/DataFixerBuilder]: 188 Datafixer optimizations took 126 milliseconds
[08:46:29] [Render thread/WARN] [minecraft/VanillaPackResourcesBuilder]: Assets URL 'union:/work/build/moddev/artifacts/forge-1.20.1-47.1.3.jar%23179!/assets/.mcassetsroot' uses unexpected schema
[08:46:29] [Render thread/WARN] [minecraft/VanillaPackResourcesBuilder]: Assets URL 'union:/work/build/moddev/artifacts/forge-1.20.1-47.1.3.jar%23179!/data/.mcassetsroot' uses unexpected schema
[08:46:29] [Render thread/INFO] [mojang/YggdrasilAuthenticationService]: Environment: authHost='https://authserver.mojang.com', accountsHost='https://api.mojang.com', sessionHost='https://sessionserver.mojang.com', servicesHost='https://api.minecraftservices.com', name='PROD'
[08:46:29] [Render thread/INFO] [minecraft/Minecraft]: Setting user: Dev
[08:46:29] [Render thread/INFO] [minecraft/Minecraft]: Backend library: LWJGL version 3.3.1 build 7
[08:46:29] [modloading-worker-0/INFO] [ne.mi.co.ForgeMod/FORGEMOD]: Forge mod loading, version 47.1.3, for MC 1.20.1 with MCP 20230612.114412
[08:46:29] [modloading-worker-0/INFO] [ne.mi.co.MinecraftForge/FORGE]: MinecraftForge v47.1.3 Initialized
[08:46:32] [Render thread/INFO] [ne.mi.ga.ForgeGameTestHooks/]: Enabled Gametest Namespaces: [lightningfruit]
[lightningfruit] KeyBindings registered: Z/X/C/F/V
[08:46:33] [Render thread/ERROR] [mojang/Narrator]: Error while loading the narrator
com.mojang.text2speech.Narrator$InitializeException: Failed to load library flite
	at com.mojang.text2speech.NarratorLinux$FliteLibrary.loadNative(NarratorLinux.java:69) ~[text2speech-1.17.9.jar:?] {}
	at com.mojang.text2speech.NarratorLinux.<init>(NarratorLinux.java:18) ~[text2speech-1.17.9.jar:?] {}
	at com.mojang.text2speech.Narrator.getNarrator(Narrator.java:41) ~[text2speech-1.17.9.jar:?] {}
	at net.minecraft.client.GameNarrator.<init>(GameNarrator.java:21) ~[forge-1.20.1-47.1.3.jar:?] {re:classloading,pl:runtimedistcleaner:A}
	at net.minecraft.client.Minecraft.<init>(Minecraft.java:568) ~[forge-1.20.1-47.1.3.jar:?] {re:classloading,pl:accesstransformer:B,pl:runtimedistcleaner:A}
	at net.minecraft.client.main.Main.main(Main.java:182) ~[forge-1.20.1-47.1.3.jar:?] {re:classloading,pl:runtimedistcleaner:A}
	at jdk.internal.reflect.NativeMethodAccessorImpl.invoke0(Native Method) ~[?:?] {}
	at jdk.internal.reflect.NativeMethodAccessorImpl.invoke(NativeMethodAccessorImpl.java:77) ~[?:?] {}
	at jdk.internal.reflect.DelegatingMethodAccessorImpl.invoke(DelegatingMethodAccessorImpl.java:43) ~[?:?] {}
	at java.lang.reflect.Method.invoke(Method.java:569) ~[?:?] {}
	at net.minecraftforge.fml.loading.targets.CommonLaunchHandler.runTarget(CommonLaunchHandler.java:111) ~[fmlloader-1.20.1-47.1.3.jar:?] {}
	at net.minecraftforge.fml.loading.targets.CommonLaunchHandler.clientService(CommonLaunchHandler.java:99) ~[fmlloader-1.20.1-47.1.3.jar:?] {}
	at net.minecraftforge.fml.loading.targets.ForgeClientUserdevLaunchHandler.devService(ForgeClientUserdevLaunchHandler.java:19) ~[fmlloader-1.20.1-47.1.3.jar:?] {}
	at net.minecraftforge.fml.loading.targets.CommonDevLaunchHandler.lambda$makeService$7(CommonDevLaunchHandler.java:135) ~[fmlloader-1.20.1-47.1.3.jar:?] {}
	at cpw.mods.modlauncher.LaunchServiceHandlerDecorator.launch(LaunchServiceHandlerDecorator.java:30) ~[modlauncher-10.0.10.jar:?] {}
	at cpw.mods.modlauncher.LaunchServiceHandler.launch(LaunchServiceHandler.java:53) ~[modlauncher-10.0.10.jar:?] {}
	at cpw.mods.modlauncher.LaunchServiceHandler.launch(LaunchServiceHandler.java:71) ~[modlauncher-10.0.10.jar:?] {}
	at cpw.mods.modlauncher.Launcher.run(Launcher.java:108) ~[modlauncher-10.0.10.jar:?] {}
	at cpw.mods.modlauncher.Launcher.main(Launcher.java:78) ~[modlauncher-10.0.10.jar:?] {}
	at cpw.mods.modlauncher.BootstrapLaunchConsumer.accept(BootstrapLaunchConsumer.java:26) ~[modlauncher-10.0.10.jar:?] {}
	at cpw.mods.modlauncher.BootstrapLaunchConsumer.accept(BootstrapLaunchConsumer.java:23) ~[modlauncher-10.0.10.jar:?] {}
	at cpw.mods.bootstraplauncher.BootstrapLauncher.main(BootstrapLauncher.java:141) ~[bootstraplauncher-1.1.2.jar:?] {}
	at jdk.internal.reflect.NativeMethodAccessorImpl.invoke0(Native Method) ~[?:?] {}
	at jdk.internal.reflect.NativeMethodAccessorImpl.invoke(NativeMethodAccessorImpl.java:77) ~[?:?] {}
	at jdk.internal.reflect.DelegatingMethodAccessorImpl.invoke(DelegatingMethodAccessorImpl.java:43) ~[?:?] {}
	at java.lang.reflect.Method.invoke(Method.java:569) ~[?:?] {}
	at net.neoforged.devlaunch.Main.main(Main.java:55) ~[?:?] {}
Caused by: java.lang.UnsatisfiedLinkError: Unable to load library 'flite':
libflite.so: cannot open shared object file: No such file or directory
libflite.so: cannot open shared object file: No such file or directory
Native library (linux-x86-64/libflite.so) not found in resource path (/work/build/classes/java/main:/work/build/resources/main:/work/build/moddev/artifacts/forge-1.20.1-47.1.3.jar:/work/build/moddev/artifacts/client-extra-1.20.1-47.1.3.jar:/work/build/moddev/artifacts/intermediateToNamed.zip:/root/.gradle/caches/modules-2/files-2.1/net.neoforged/DevLaunch/1.0.1/48617810523f426d42430867894faa7fe1b933dd/DevLaunch-1.0.1.jar:/root/.gradle/caches/modules-2/resources-2.1/38/c7d29380ddb38becad7c0819b5b325e43bca23f0/mcp_config-1.20.1.zip:/root/.gradle/caches/modules-2/files-2.1/cpw.mods/bootstraplauncher/1.1.2/c546e00443d8432cda6baa1c860346980742628/bootstraplauncher-1.1.2.jar:/root/.gradle/caches/modules-2/files-2.1/net.minecraftforge/fmlearlydisplay/1.20.1-47.1.3/7593356e50a77e5482ddb38a891265b9f60ff519/fmlearlydisplay-1.20.1-47.1.3.jar:/root/.gradle/caches/modules-2/files-2.1/net.minecraftforge/javafmllanguage/1.20.1-47.1.3/9775dc3f284cdb3e0d33b372c328c6ef88e434b0/javafmllanguage-1.20.1-47.1.3.jar:/root/.gradle/caches/modules-2/files-2.1/net.minecraftforge/lowcodelanguage/1.20.1-47.1.3/d785f4087ec3be094fd5aed801f5366ca958a81b/lowcodelanguage-1.20.1-47.1.3.jar:/root/.gradle/caches/modules-2/files-2.1/net.minecraftforge/mclanguage/1.20.1-47.1.3/be60c45f3578cdf944a669c6ea16fd91bec50f2e/mclanguage-1.20.1-47.1.3.jar:/root/.gradle/caches/modules-2/files-2.1/net.minecraftforge/fmlcore/1.20.1-47.1.3/1aadc0201d8e97b107d9978c7fe066bb54bbb9dc/fmlcore-1.20.1-47.1.3.jar:/root/.gradle/caches/modules-2/files-2.1/net.minecraftforge/fmlloader/1.20.1-47.1.3/8f209e526afd27a6abea960bbc3cd46e3e6dc051/fmlloader-1.20.1-47.1.3.jar:/root/.gradle/caches/modules-2/files-2.1/net.minecraftforge/coremods/5.0.1/386b00279628b105b2d507539c46e134e96f6237/coremods-5.0.1.jar:/root/.gradle/caches/modules-2/files-2.1/net.minecraftforge/forgespi/7.0.1/3b4972a0cdb135853dba219be61a79b22cff1309/forgespi-7.0.1.jar:/root/.gradle/caches/modules-2/files-2.1/net.minecraftforge/accesstransformers/8.0.4/272d240aa73f42195b2a68e2ebd8b701ecf41f63/accesstransformers-8.0.4.jar:/root/.gradle/caches/modules-2/files-2.1/net.minecraftforge/eventbus/6.0.5/699143dd438431d06b57416944f7cedbe52e1475/eventbus-6.0.5.jar:/root/.gradle/caches/modules-2/files-2.1/cpw.mods/modlauncher/10.0.10/669e5b6e61e84eee06bfd5822c91800a2c9f5c0f/modlauncher-10.0.10.jar:/root/.gradle/caches/modules-2/files-2.1/cpw.mods/securejarhandler/2.1.10/51e6a22c6c716beb11e244bf5b8be480f51dd6b5/securejarhandler-2.1.10.jar:/root/.gradle/caches/modules-2/files-2.1/org.openjdk.nashorn/nashorn-core/15.3/43977e804697048fc8d81d333a36c17d07a5b3dd/nashorn-core-15.3.jar:/root/.gradle/caches/modules-2/files-2.1/org.ow2.asm/asm-commons/9.5/19ab5b5800a3910d30d3a3e64fdb00fd0cb42de0/asm-commons-9.5.jar:/root/.gradle/caches/modules-2/files-2.1/net.minecraftforge/mergetool/1.1.5/e31dad26696043b540681aabc93e2001a1a2cd44/mergetool-1.1.5.jar:/root/.gradle/caches/modules-2/files-2.1/net.minecraftforge/mergetool/1.1.5/f3da18e12c696d35a47c82cbb2cc8b5aa15e1154/mergetool-1.1.5-api.jar:/root/.gradle/caches/modules-2/files-2.1/org.ow2.asm/asm-util/9.5/64b5a1fc8c1b15ed2efd6a063e976bc8d3dc5ffe/asm-util-9.5.jar:/root/.gradle/caches/modules-2/files-2.1/org.ow2.asm/asm-analysis/9.5/490bacc77de7cbc0be1a30bb3471072d705be4a4/asm-analysis-9.5.jar:/root/.gradle/caches/modules-2/files-2.1/org.ow2.asm/asm-tree/9.5/fd33c8b6373abaa675be407082fdfda35021254a/asm-tree-9.5.jar:/root/.gradle/caches/modules-2/files-2.1/org.ow2.asm/asm/9.5/dc6ea1875f4d64fbc85e1691c95b96a3d8569c90/asm-9.5.jar:/root/.gradle/caches/modules-2/files-2.1/net.minecraftforge/JarJarFileSystems/0.3.19/2464eb7d6b9ddb9db36a82cf8a95193e5c6fe020/JarJarFileSystems-0.3.19.jar:/root/.gradle/caches/modules-2/files-2.1/org.antlr/antlr4/4.9.1/e92af8ab33e428461927b484e90bb155a4f3a052/antlr4-4.9.1.jar:/root/.gradle/caches/modules-2/files-2.1/org.antlr/antlr4-runtime/4.9.1/428664f05d2b7f7b7610204b5aa7c1763f62011a/antlr4-runtime-4.9.1.jar:/root/.gradle/caches/modules-2/files-2.1/net.minecraftforge/unsafe/0.2.0/54d7a0a5e8fdb71b973025caa46f341ae5904f39/unsafe-0.2.0.jar:/root/.gradle/caches/modules-2/files-2.1/com.electronwill.night-config/toml/3.6.4/51d6cefb2b55ee55ee26b16391212fb2c7dfb4f4/toml-3.6.4.jar:/root/.gradle/caches/modules-2/files-2.1/com.electronwill.night-config/core/3.6.4/510f174abbf1c947494db50ef2445683bd52c230/core-3.6.4.jar:/root/.gradle/caches/modules-2/files-2.1/net.minecraftforge/JarJarSelector/0.3.19/376cc9c8ea60720cf027c01fc033de915699801c/JarJarSelector-0.3.19.jar:/root/.gradle/caches/modules-2/files-2.1/net.minecraftforge/JarJarMetadata/0.3.19/83feaa9b770e6ac0e96ee4fc23fa89325c5fe2/JarJarMetadata-0.3.19.jar:/root/.gradle/caches/modules-2/files-2.1/org.apache.maven/maven-artifact/3.8.5/4433f50c07debefaed0553bd0068f4f48d449313/maven-artifact-3.8.5.jar:/root/.gradle/caches/modules-2/files-2.1/net.jodah/typetools/0.6.3/a01aaa6ddaea9ec07ec4f209487b7a46a526283a/typetools-0.6.3.jar:/root/.gradle/caches/modules-2/files-2.1/net.minecrell/terminalconsoleappender/1.2.0/96d02cd3b384ff015a8fef4223bcb4ccf1717c95/terminalconsoleappender-1.2.0.jar:/root/.gradle/caches/modules-2/files-2.1/org.jline/jline-reader/3.12.1/4382ab1382c7b6f379377ed5f665dc2f6e1218bc/jline-reader-3.12.1.jar:/root/.gradle/caches/modules-2/files-2.1/org.jline/jline-terminal/3.12.1/c777448314e050d980a6b697c140f3bfe9eb7416/jline-terminal-3.12.1.jar:/root/.gradle/caches/modules-2/files-2.1/org.spongepowered/mixin/0.8.5/9d1c0c3a304ae6697ecd477218fa61b850bf57fc/mixin-0.8.5.jar:/root/.gradle/caches/modules-2/files-2.1/com.github.oshi/oshi-core/6.2.2/54f5efc19bca95d709d9a37d19ffcbba3d21c1a6/oshi-core-6.2.2.jar:/root/.gradle/caches/modules-2/files-2.1/com.google.code.gson/gson/2.10/dd9b193aef96e973d5a11ab13cd17430c2e4306b/gson-2.10.jar:/root/.gradle/caches/modules-2/files-2.1/com.google.guava/guava/31.1-jre/60458f877d055d0c9114d9e1a2efb737b4bc282c/guava-31.1-jre.jar:/root/.gradle/caches/modules-2/files-2.1/com.google.guava/failureaccess/1.0.1/1dcf1de382a0bf95a3d8b0849546c88bac1292c9/failureaccess-1.0.1.jar:/root/.gradle/caches/modules-2/files-2.1/com.ibm.icu/icu4j/61.1/28d33b5e44e72edcc66a5da7a34a42147f38d987/icu4j-61.1.jar:/root/.gradle/caches/modules-2/files-2.1/com.mojang/authlib/4.0.43/2ff9d747a77570a07a60d32ac77eb6162ad2a2d9/authlib-4.0.43.jar:/root/.gradle/caches/modules-2/files-2.1/com.mojang/blocklist/1.0.10/5c685c5ffa94c4cd39496c7184c1d122e515ecef/blocklist-1.0.10.jar:/root/.gradle/caches/modules-2/files-2.1/com.mojang/brigadier/1.1.8/5244ce82c3337bba4a196a3ce858bfaecc74404a/brigadier-1.1.8.jar:/root/.gradle/caches/modules-2/files-2.1/com.mojang/datafixerupper/6.0.8/3ba4a30557a9b057760af4011f909ba619fc5125/datafixerupper-6.0.8.jar:/root/.gradle/caches/modules-2/files-2.1/com.mojang/logging/1.1.1/832b8e6674a9b325a5175a3a6267dfaf34c85139/logging-1.1.1.jar:/root/.gradle/caches/modules-2/files-2.1/com.mojang/patchy/2.2.10/da05971b07cbb379d002cf7eaec6a2048211fefc/patchy-2.2.10.jar:/root/.gradle/caches/modules-2/files-2.1/com.mojang/text2speech/1.17.9/3cad216e3a7f0c19b4b394388bc9ffc446f13b14/text2speech-1.17.9.jar:/root/.gradle/caches/modules-2/files-2.1/commons-codec/commons-codec/1.15/49d94806b6e3dc933dacbd8acb0fdbab8ebd1e5d/commons-codec-1.15.jar:/root/.gradle/caches/modules-2/files-2.1/commons-io/commons-io/2.11.0/a2503f302b11ebde7ebc3df41daebe0e4eea3689/commons-io-2.11.0.jar:/root/.gradle/caches/modules-2/files-2.1/commons-logging/commons-logging/1.2/4bfc12adfe4842bf07b657f0369c4cb522955686/commons-logging-1.2.jar:/root/.gradle/caches/modules-2/files-2.1/io.netty/netty-buffer/4.1.82.Final/a544270cf1ae8b8077082f5036436a9a9971ea71/netty-buffer-4.1.82.Final.jar:/root/.gradle/caches/modules-2/files-2.1/io.netty/netty-codec/4.1.82.Final/b77200379acb345a9ffdece1c605e591ac3e4e0a/netty-codec-4.1.82.Final.jar:/root/.gradle/caches/modules-2/files-2.1/io.netty/netty-common/4.1.82.Final/22d148e85c3f5ebdacc0ce1f5aabb1d420f73f3/netty-common-4.1.82.Final.jar:/root/.gradle/caches/modules-2/files-2.1/io.netty/netty-handler/4.1.82.Final/644041d1fa96a5d3130a29e8978630d716d76e38/netty-handler-4.1.82.Final.jar:/root/.gradle/caches/modules-2/files-2.1/io.netty/netty-resolver/4.1.82.Final/38f665ae8dcd29032eea31245ba7806bed2e0fa8/netty-resolver-4.1.82.Final.jar:/root/.gradle/caches/modules-2/files-2.1/io.netty/netty-transport-classes-epoll/4.1.82.Final/e7c7dd18deac93105797f30057c912651ea76521/netty-transport-classes-epoll-4.1.82.Final.jar:/root/.gradle/caches/modules-2/files-2.1/io.netty/netty-transport-native-unix-common/4.1.82.Final/3e895b35ca1b8a0eca56cacff4c2dde5d2c6abce/netty-transport-native-unix-common-4.1.82.Final.jar:/root/.gradle/caches/modules-2/files-2.1/io.netty/netty-transport/4.1.82.Final/e431a218d91acb6476ccad5f5aafde50aa3945ca/netty-transport-4.1.82.Final.jar:/root/.gradle/caches/modules-2/files-2.1/it.unimi.dsi/fastutil/8.5.9/bb7ea75ecdb216654237830b3a96d87ad91f8cc5/fastutil-8.5.9.jar:/root/.gradle/caches/modules-2/files-2.1/net.java.dev.jna/jna-platform/5.12.1/97406a297c852f4a41e688a176ec675f72e8329/jna-platform-5.12.1.jar:/root/.gradle/caches/modules-2/files-2.1/net.java.dev.jna/jna/5.12.1/b1e93a735caea94f503e95e6fe79bf9cdc1e985d/jna-5.12.1.jar:/root/.gradle/caches/modules-2/files-2.1/net.sf.jopt-simple/jopt-simple/5.0.4/4fdac2fbe92dfad86aa6e9301736f6b4342a3f5c/jopt-simple-5.0.4.jar:/root/.gradle/caches/modules-2/files-2.1/org.apache.commons/commons-compress/1.21/4ec95b60d4e86b5c95a0e919cb172a0af98011ef/commons-compress-1.21.jar:/root/.gradle/caches/modules-2/files-2.1/org.apache.commons/commons-lang3/3.12.0/c6842c86792ff03b9f1d1fe2aab8dc23aa6c6f0e/commons-lang3-3.12.0.jar:/root/.gradle/caches/modules-2/files-2.1/org.apache.httpcomponents/httpclient/4.5.13/e5f6cae5ca7ecaac1ec2827a9e2d65ae2869cada/httpclient-4.5.13.jar:/root/.gradle/caches/modules-2/files-2.1/org.apache.httpcomponents/httpcore/4.4.15/7f2e0c573eaa7a74bac2e89b359e1f73d92a0a1d/httpcore-4.4.15.jar:/root/.gradle/caches/modules-2/files-2.1/org.apache.logging.log4j/log4j-core/2.19.0/3b6eeb4de4c49c0fe38a4ee27188ff5fee44d0bb/log4j-core-2.19.0.jar:/root/.gradle/caches/modules-2/files-2.1/org.apache.logging.log4j/log4j-slf4j2-impl/2.19.0/5c04bfdd63ce9dceb2e284b81e96b6a70010ee10/log4j-slf4j2-impl-2.19.0.jar:/root/.gradle/caches/modules-2/files-2.1/org.apache.logging.log4j/log4j-api/2.19.0/ea1b37f38c327596b216542bc636cfdc0b8036fa/log4j-api-2.19.0.jar:/root/.gradle/caches/modules-2/files-2.1/org.joml/joml/1.10.5/22566d58af70ad3d72308bab63b8339906deb649/joml-1.10.5.jar:/root/.gradle/caches/modules-2/files-2.1/org.lwjgl/lwjgl-glfw/3.3.1/cbac1b8d30cb4795149c1ef540f912671a8616d0/lwjgl-glfw-3.3.1.jar:/root/.gradle/caches/modules-2/files-2.1/org.lwjgl/lwjgl-glfw/3.3.1/81716978214ecbda15050ca394b06ef61501a49e/lwjgl-glfw-3.3.1-natives-linux.jar:/root/.gradle/caches/modules-2/files-2.1/org.lwjgl/lwjgl-jemalloc/3.3.1/a817bcf213db49f710603677457567c37d53e103/lwjgl-jemalloc-3.3.1.jar:/root/.gradle/caches/modules-2/files-2.1/org.lwjgl/lwjgl-jemalloc/3.3.1/33dbb017b6ed6b25f993ad9d56741a49e7937718/lwjgl-jemalloc-3.3.1-natives-linux.jar:/root/.gradle/caches/modules-2/files-2.1/org.lwjgl/lwjgl-openal/3.3.1/2623a6b8ae1dfcd880738656a9f0243d2e6840bd/lwjgl-openal-3.3.1.jar:/root/.gradle/caches/modules-2/files-2.1/org.lwjgl/lwjgl-openal/3.3.1/f906b6439f6daa66001182ea7727e3467a93681b/lwjgl-openal-3.3.1-natives-linux.jar:/root/.gradle/caches/modules-2/files-2.1/org.lwjgl/lwjgl-opengl/3.3.1/831a5533a21a5f4f81bbc51bb13e9899319b5411/lwjgl-opengl-3.3.1.jar:/root/.gradle/caches/modules-2/files-2.1/org.lwjgl/lwjgl-opengl/3.3.1/ab9ab6fde3743e3550fa5d46d785ecb45b047d99/lwjgl-opengl-3.3.1-natives-linux.jar:/root/.gradle/caches/modules-2/files-2.1/org.lwjgl/lwjgl-stb/3.3.1/b119297cf8ed01f247abe8685857f8e7fcf5980f/lwjgl-stb-3.3.1.jar:/root/.gradle/caches/modules-2/files-2.1/org.lwjgl/lwjgl-stb/3.3.1/3ee7aec8686e52867677110415566a5342a80230/lwjgl-stb-3.3.1-natives-linux.jar:/root/.gradle/caches/modules-2/files-2.1/org.lwjgl/lwjgl-tinyfd/3.3.1/ff1914111ef2e3e0110ef2dabc8d8cdaad82347/lwjgl-tinyfd-3.3.1.jar:/root/.gradle/caches/modules-2/files-2.1/org.lwjgl/lwjgl-tinyfd/3.3.1/a35110b9471bea8cde826ab297550ee8c22f5035/lwjgl-tinyfd-3.3.1-natives-linux.jar:/root/.gradle/caches/modules-2/files-2.1/org.lwjgl/lwjgl/3.3.1/ae58664f88e18a9bb2c77b063833ca7aaec484cb/lwjgl-3.3.1.jar:/root/.gradle/caches/modules-2/files-2.1/org.lwjgl/lwjgl/3.3.1/1de885aba434f934201b99f2f1afb142036ac189/lwjgl-3.3.1-natives-linux.jar:/root/.gradle/caches/modules-2/files-2.1/com.machinezoo.noexception/noexception/1.7.1/b65330c98e38a1f915fa54a6e5eca496505e3f0a/noexception-1.7.1.jar:/root/.gradle/caches/modules-2/files-2.1/org.slf4j/slf4j-simple/1.7.30/e606eac955f55ecf1d8edcccba04eb8ac98088dd/slf4j-simple-1.7.30.jar:/root/.gradle/caches/modules-2/files-2.1/org.slf4j/slf4j-api/2.0.0/82b150a36b504a09076b29c0509e31702c9c3999/slf4j-api-2.0.0.jar:/root/.gradle/caches/modules-2/files-2.1/net.minecraftforge/srgutils/0.4.11/fbad1341ffdb47d276bbdc40ecb06da49e053e74/srgutils-0.4.11.jar:/root/.gradle/caches/modules-2/files-2.1/org.codehaus.plexus/plexus-utils/3.3.0/cf43b5391de623b36fe066a21127baef82c64022/plexus-utils-3.3.0.jar:/root/.gradle/caches/modules-2/files-2.1/com.google.guava/listenablefuture/9999.0-empty-to-avoid-conflict-with-guava/b421526c5f297295adef1c886e5246c39d4ac629/listenablefuture-9999.0-empty-to-avoid-conflict-with-guava.jar:/root/.gradle/caches/modules-2/files-2.1/com.google.code.findbugs/jsr305/3.0.2/25ea2e8b0c338a877313bd4672d3fe056ea78f0d/jsr305-3.0.2.jar:/root/.gradle/caches/modules-2/files-2.1/org.checkerframework/checker-qual/3.12.0/d5692f0526415fcc6de94bb5bfbd3afd9dd3b3e5/checker-qual-3.12.0.jar:/root/.gradle/caches/modules-2/files-2.1/com.google.errorprone/error_prone_annotations/2.11.0/c5a0ace696d3f8b1c1d8cc036d8c03cc0cbe6b69/error_prone_annotations-2.11.0.jar:/root/.gradle/caches/modules-2/files-2.1/com.google.j2objc/j2objc-annotations/1.3/ba035118bc8bac37d7eff77700720999acd9986d/j2objc-annotations-1.3.jar:/root/.gradle/caches/modules-2/files-2.1/io.netty/netty-transport-native-epoll/4.1.82.Final/476409d6255001ca53a55f65b01c13822f8dc93a/netty-transport-native-epoll-4.1.82.Final-linux-aarch_64.jar:/root/.gradle/caches/modules-2/files-2.1/io.netty/netty-transport-native-epoll/4.1.82.Final/c7350a71920f3ae9142945e25fed4846cce53374/netty-transport-native-epoll-4.1.82.Final-linux-x86_64.jar:/root/.gradle/caches/modules-2/files-2.1/org.antlr/ST4/4.3/92f2c1ad8d84abcbeead6cf7f2c53a04166293c2/ST4-4.3.jar:/root/.gradle/caches/modules-2/files-2.1/org.antlr/antlr-runtime/3.5.2/cd9cd41361c155f3af0f653009dcecb08d8b4afd/antlr-runtime-3.5.2.jar:/root/.gradle/caches/modules-2/files-2.1/org.abego.treelayout/org.abego.treelayout.core/1.0.3/457216e8e6578099ae63667bb1e4439235892028/org.abego.treelayout.core-1.0.3.jar:/root/.gradle/caches/modules-2/files-2.1/org.glassfish/javax.json/1.0.4/3178f73569fd7a1e5ffc464e680f7a8cc784b85a/javax.json-1.0.4.jar)
	at com.sun.jna.NativeLibrary.loadLibrary(NativeLibrary.java:307) ~[jna-5.12.1.jar:5.12.1 (b0)] {}
	at com.sun.jna.NativeLibrary.getInstance(NativeLibrary.java:467) ~[jna-5.12.1.jar:5.12.1 (b0)] {}
	at com.sun.jna.NativeLibrary.getInstance(NativeLibrary.java:409) ~[jna-5.12.1.jar:5.12.1 (b0)] {}
	at com.mojang.text2speech.NarratorLinux$FliteLibrary.loadNative(NarratorLinux.java:67) ~[text2speech-1.17.9.jar:?] {}
	... 26 more
	Suppressed: java.lang.UnsatisfiedLinkError: libflite.so: cannot open shared object file: No such file or directory
		at com.sun.jna.Native.open(Native Method) ~[jna-5.12.1.jar:5.12.1 (b0)] {}
		at com.sun.jna.NativeLibrary.loadLibrary(NativeLibrary.java:197) ~[jna-5.12.1.jar:5.12.1 (b0)] {}
		at com.sun.jna.NativeLibrary.getInstance(NativeLibrary.java:467) ~[jna-5.12.1.jar:5.12.1 (b0)] {}
		at com.sun.jna.NativeLibrary.getInstance(NativeLibrary.java:409) ~[jna-5.12.1.jar:5.12.1 (b0)] {}
		at com.mojang.text2speech.NarratorLinux$FliteLibrary.loadNative(NarratorLinux.java:67) ~[text2speech-1.17.9.jar:?] {}
		at com.mojang.text2speech.NarratorLinux.<init>(NarratorLinux.java:18) ~[text2speech-1.17.9.jar:?] {}
		at com.mojang.text2speech.Narrator.getNarrator(Narrator.java:41) ~[text2speech-1.17.9.jar:?] {}
		at net.minecraft.client.GameNarrator.<init>(GameNarrator.java:21) ~[forge-1.20.1-47.1.3.jar:?] {re:classloading,pl:runtimedistcleaner:A}
		at net.minecraft.client.Minecraft.<init>(Minecraft.java:568) ~[forge-1.20.1-47.1.3.jar:?] {re:classloading,pl:accesstransformer:B,pl:runtimedistcleaner:A}
		at net.minecraft.client.main.Main.main(Main.java:182) ~[forge-1.20.1-47.1.3.jar:?] {re:classloading,pl:runtimedistcleaner:A}
		at jdk.internal.reflect.NativeMethodAccessorImpl.invoke0(Native Method) ~[?:?] {}
		at jdk.internal.reflect.NativeMethodAccessorImpl.invoke(NativeMethodAccessorImpl.java:77) ~[?:?] {}
		at jdk.internal.reflect.DelegatingMethodAccessorImpl.invoke(DelegatingMethodAccessorImpl.java:43) ~[?:?] {}
		at java.lang.reflect.Method.invoke(Method.java:569) ~[?:?] {}
		at net.minecraftforge.fml.loading.targets.CommonLaunchHandler.runTarget(CommonLaunchHandler.java:111) ~[fmlloader-1.20.1-47.1.3.jar:?] {}
		at net.minecraftforge.fml.loading.targets.CommonLaunchHandler.clientService(CommonLaunchHandler.java:99) ~[fmlloader-1.20.1-47.1.3.jar:?] {}
		at net.minecraftforge.fml.loading.targets.ForgeClientUserdevLaunchHandler.devService(ForgeClientUserdevLaunchHandler.java:19) ~[fmlloader-1.20.1-47.1.3.jar:?] {}
		at net.minecraftforge.fml.loading.targets.CommonDevLaunchHandler.lambda$makeService$7(CommonDevLaunchHandler.java:135) ~[fmlloader-1.20.1-47.1.3.jar:?] {}
		at cpw.mods.modlauncher.LaunchServiceHandlerDecorator.launch(LaunchServiceHandlerDecorator.java:30) ~[modlauncher-10.0.10.jar:?] {}
		at cpw.mods.modlauncher.LaunchServiceHandler.launch(LaunchServiceHandler.java:53) ~[modlauncher-10.0.10.jar:?] {}
		at cpw.mods.modlauncher.LaunchServiceHandler.launch(LaunchServiceHandler.java:71) ~[modlauncher-10.0.10.jar:?] {}
		at cpw.mods.modlauncher.Launcher.run(Launcher.java:108) ~[modlauncher-10.0.10.jar:?] {}
		at cpw.mods.modlauncher.Launcher.main(Launcher.java:78) ~[modlauncher-10.0.10.jar:?] {}
		at cpw.mods.modlauncher.BootstrapLaunchConsumer.accept(BootstrapLaunchConsumer.java:26) ~[modlauncher-10.0.10.jar:?] {}
		at cpw.mods.modlauncher.BootstrapLaunchConsumer.accept(BootstrapLaunchConsumer.java:23) ~[modlauncher-10.0.10.jar:?] {}
		at cpw.mods.bootstraplauncher.BootstrapLauncher.main(BootstrapLauncher.java:141) ~[bootstraplauncher-1.1.2.jar:?] {}
		at jdk.internal.reflect.NativeMethodAccessorImpl.invoke0(Native Method) ~[?:?] {}
		at jdk.internal.reflect.NativeMethodAccessorImpl.invoke(NativeMethodAccessorImpl.java:77) ~[?:?] {}
		at jdk.internal.reflect.DelegatingMethodAccessorImpl.invoke(DelegatingMethodAccessorImpl.java:43) ~[?:?] {}
		at java.lang.reflect.Method.invoke(Method.java:569) ~[?:?] {}
		at net.neoforged.devlaunch.Main.main(Main.java:55) ~[?:?] {}
	Suppressed: java.lang.UnsatisfiedLinkError: libflite.so: cannot open shared object file: No such file or directory
		at com.sun.jna.Native.open(Native Method) ~[jna-5.12.1.jar:5.12.1 (b0)] {}
		at com.sun.jna.NativeLibrary.loadLibrary(NativeLibrary.java:210) ~[jna-5.12.1.jar:5.12.1 (b0)] {}
		at com.sun.jna.NativeLibrary.getInstance(NativeLibrary.java:467) ~[jna-5.12.1.jar:5.12.1 (b0)] {}
		at com.sun.jna.NativeLibrary.getInstance(NativeLibrary.java:409) ~[jna-5.12.1.jar:5.12.1 (b0)] {}
		at com.mojang.text2speech.NarratorLinux$FliteLibrary.loadNative(NarratorLinux.java:67) ~[text2speech-1.17.9.jar:?] {}
		at com.mojang.text2speech.NarratorLinux.<init>(NarratorLinux.java:18) ~[text2speech-1.17.9.jar:?] {}
		at com.mojang.text2speech.Narrator.getNarrator(Narrator.java:41) ~[text2speech-1.17.9.jar:?] {}
		at net.minecraft.client.GameNarrator.<init>(GameNarrator.java:21) ~[forge-1.20.1-47.1.3.jar:?] {re:classloading,pl:runtimedistcleaner:A}
		at net.minecraft.client.Minecraft.<init>(Minecraft.java:568) ~[forge-1.20.1-47.1.3.jar:?] {re:classloading,pl:accesstransformer:B,pl:runtimedistcleaner:A}
		at net.minecraft.client.main.Main.main(Main.java:182) ~[forge-1.20.1-47.1.3.jar:?] {re:classloading,pl:runtimedistcleaner:A}
		at jdk.internal.reflect.NativeMethodAccessorImpl.invoke0(Native Method) ~[?:?] {}
		at jdk.internal.reflect.NativeMethodAccessorImpl.invoke(NativeMethodAccessorImpl.java:77) ~[?:?] {}
		at jdk.internal.reflect.DelegatingMethodAccessorImpl.invoke(DelegatingMethodAccessorImpl.java:43) ~[?:?] {}
		at java.lang.reflect.Method.invoke(Method.java:569) ~[?:?] {}
		at net.minecraftforge.fml.loading.targets.CommonLaunchHandler.runTarget(CommonLaunchHandler.java:111) ~[fmlloader-1.20.1-47.1.3.jar:?] {}
		at net.minecraftforge.fml.loading.targets.CommonLaunchHandler.clientService(CommonLaunchHandler.java:99) ~[fmlloader-1.20.1-47.1.3.jar:?] {}
		at net.minecraftforge.fml.loading.targets.ForgeClientUserdevLaunchHandler.devService(ForgeClientUserdevLaunchHandler.java:19) ~[fmlloader-1.20.1-47.1.3.jar:?] {}
		at net.minecraftforge.fml.loading.targets.CommonDevLaunchHandler.lambda$makeService$7(CommonDevLaunchHandler.java:135) ~[fmlloader-1.20.1-47.1.3.jar:?] {}
		at cpw.mods.modlauncher.LaunchServiceHandlerDecorator.launch(LaunchServiceHandlerDecorator.java:30) ~[modlauncher-10.0.10.jar:?] {}
		at cpw.mods.modlauncher.LaunchServiceHandler.launch(LaunchServiceHandler.java:53) ~[modlauncher-10.0.10.jar:?] {}
		at cpw.mods.modlauncher.LaunchServiceHandler.launch(LaunchServiceHandler.java:71) ~[modlauncher-10.0.10.jar:?] {}
		at cpw.mods.modlauncher.Launcher.run(Launcher.java:108) ~[modlauncher-10.0.10.jar:?] {}
		at cpw.mods.modlauncher.Launcher.main(Launcher.java:78) ~[modlauncher-10.0.10.jar:?] {}
		at cpw.mods.modlauncher.BootstrapLaunchConsumer.accept(BootstrapLaunchConsumer.java:26) ~[modlauncher-10.0.10.jar:?] {}
		at cpw.mods.modlauncher.BootstrapLaunchConsumer.accept(BootstrapLaunchConsumer.java:23) ~[modlauncher-10.0.10.jar:?] {}
		at cpw.mods.bootstraplauncher.BootstrapLauncher.main(BootstrapLauncher.java:141) ~[bootstraplauncher-1.1.2.jar:?] {}
		at jdk.internal.reflect.NativeMethodAccessorImpl.invoke0(Native Method) ~[?:?] {}
		at jdk.internal.reflect.NativeMethodAccessorImpl.invoke(NativeMethodAccessorImpl.java:77) ~[?:?] {}
		at jdk.internal.reflect.DelegatingMethodAccessorImpl.invoke(DelegatingMethodAccessorImpl.java:43) ~[?:?] {}
		at java.lang.reflect.Method.invoke(Method.java:569) ~[?:?] {}
		at net.neoforged.devlaunch.Main.main(Main.java:55) ~[?:?] {}
	Suppressed: java.io.IOException: Native library (linux-x86-64/libflite.so) not found in resource path (/work/build/classes/java/main:/work/build/resources/main:/work/build/moddev/artifacts/forge-1.20.1-47.1.3.jar:/work/build/moddev/artifacts/client-extra-1.20.1-47.1.3.jar:/work/build/moddev/artifacts/intermediateToNamed.zip:/root/.gradle/caches/modules-2/files-2.1/net.neoforged/DevLaunch/1.0.1/48617810523f426d42430867894faa7fe1b933dd/DevLaunch-1.0.1.jar:/root/.gradle/caches/modules-2/resources-2.1/38/c7d29380ddb38becad7c0819b5b325e43bca23f0/mcp_config-1.20.1.zip:/root/.gradle/caches/modules-2/files-2.1/cpw.mods/bootstraplauncher/1.1.2/c546e00443d8432cda6baa1c860346980742628/bootstraplauncher-1.1.2.jar:/root/.gradle/caches/modules-2/files-2.1/net.minecraftforge/fmlearlydisplay/1.20.1-47.1.3/7593356e50a77e5482ddb38a891265b9f60ff519/fmlearlydisplay-1.20.1-47.1.3.jar:/root/.gradle/caches/modules-2/files-2.1/net.minecraftforge/javafmllanguage/1.20.1-47.1.3/9775dc3f284cdb3e0d33b372c328c6ef88e434b0/javafmllanguage-1.20.1-47.1.3.jar:/root/.gradle/caches/modules-2/files-2.1/net.minecraftforge/lowcodelanguage/1.20.1-47.1.3/d785f4087ec3be094fd5aed801f5366ca958a81b/lowcodelanguage-1.20.1-47.1.3.jar:/root/.gradle/caches/modules-2/files-2.1/net.minecraftforge/mclanguage/1.20.1-47.1.3/be60c45f3578cdf944a669c6ea16fd91bec50f2e/mclanguage-1.20.1-47.1.3.jar:/root/.gradle/caches/modules-2/files-2.1/net.minecraftforge/fmlcore/1.20.1-47.1.3/1aadc0201d8e97b107d9978c7fe066bb54bbb9dc/fmlcore-1.20.1-47.1.3.jar:/root/.gradle/caches/modules-2/files-2.1/net.minecraftforge/fmlloader/1.20.1-47.1.3/8f209e526afd27a6abea960bbc3cd46e3e6dc051/fmlloader-1.20.1-47.1.3.jar:/root/.gradle/caches/modules-2/files-2.1/net.minecraftforge/coremods/5.0.1/386b00279628b105b2d507539c46e134e96f6237/coremods-5.0.1.jar:/root/.gradle/caches/modules-2/files-2.1/net.minecraftforge/forgespi/7.0.1/3b4972a0cdb135853dba219be61a79b22cff1309/forgespi-7.0.1.jar:/root/.gradle/caches/modules-2/files-2.1/net.minecraftforge/accesstransformers/8.0.4/272d240aa73f42195b2a68e2ebd8b701ecf41f63/accesstransformers-8.0.4.jar:/root/.gradle/caches/modules-2/files-2.1/net.minecraftforge/eventbus/6.0.5/699143dd438431d06b57416944f7cedbe52e1475/eventbus-6.0.5.jar:/root/.gradle/caches/modules-2/files-2.1/cpw.mods/modlauncher/10.0.10/669e5b6e61e84eee06bfd5822c91800a2c9f5c0f/modlauncher-10.0.10.jar:/root/.gradle/caches/modules-2/files-2.1/cpw.mods/securejarhandler/2.1.10/51e6a22c6c716beb11e244bf5b8be480f51dd6b5/securejarhandler-2.1.10.jar:/root/.gradle/caches/modules-2/files-2.1/org.openjdk.nashorn/nashorn-core/15.3/43977e804697048fc8d81d333a36c17d07a5b3dd/nashorn-core-15.3.jar:/root/.gradle/caches/modules-2/files-2.1/org.ow2.asm/asm-commons/9.5/19ab5b5800a3910d30d3a3e64fdb00fd0cb42de0/asm-commons-9.5.jar:/root/.gradle/caches/modules-2/files-2.1/net.minecraftforge/mergetool/1.1.5/e31dad26696043b540681aabc93e2001a1a2cd44/mergetool-1.1.5.jar:/root/.gradle/caches/modules-2/files-2.1/net.minecraftforge/mergetool/1.1.5/f3da18e12c696d35a47c82cbb2cc8b5aa15e1154/mergetool-1.1.5-api.jar:/root/.gradle/caches/modules-2/files-2.1/org.ow2.asm/asm-util/9.5/64b5a1fc8c1b15ed2efd6a063e976bc8d3dc5ffe/asm-util-9.5.jar:/root/.gradle/caches/modules-2/files-2.1/org.ow2.asm/asm-analysis/9.5/490bacc77de7cbc0be1a30bb3471072d705be4a4/asm-analysis-9.5.jar:/root/.gradle/caches/modules-2/files-2.1/org.ow2.asm/asm-tree/9.5/fd33c8b6373abaa675be407082fdfda35021254a/asm-tree-9.5.jar:/root/.gradle/caches/modules-2/files-2.1/org.ow2.asm/asm/9.5/dc6ea1875f4d64fbc85e1691c95b96a3d8569c90/asm-9.5.jar:/root/.gradle/caches/modules-2/files-2.1/net.minecraftforge/JarJarFileSystems/0.3.19/2464eb7d6b9ddb9db36a82cf8a95193e5c6fe020/JarJarFileSystems-0.3.19.jar:/root/.gradle/caches/modules-2/files-2.1/org.antlr/antlr4/4.9.1/e92af8ab33e428461927b484e90bb155a4f3a052/antlr4-4.9.1.jar:/root/.gradle/caches/modules-2/files-2.1/org.antlr/antlr4-runtime/4.9.1/428664f05d2b7f7b7610204b5aa7c1763f62011a/antlr4-runtime-4.9.1.jar:/root/.gradle/caches/modules-2/files-2.1/net.minecraftforge/unsafe/0.2.0/54d7a0a5e8fdb71b973025caa46f341ae5904f39/unsafe-0.2.0.jar:/root/.gradle/caches/modules-2/files-2.1/com.electronwill.night-config/toml/3.6.4/51d6cefb2b55ee55ee26b16391212fb2c7dfb4f4/toml-3.6.4.jar:/root/.gradle/caches/modules-2/files-2.1/com.electronwill.night-config/core/3.6.4/510f174abbf1c947494db50ef2445683bd52c230/core-3.6.4.jar:/root/.gradle/caches/modules-2/files-2.1/net.minecraftforge/JarJarSelector/0.3.19/376cc9c8ea60720cf027c01fc033de915699801c/JarJarSelector-0.3.19.jar:/root/.gradle/caches/modules-2/files-2.1/net.minecraftforge/JarJarMetadata/0.3.19/83feaa9b770e6ac0e96ee4fc23fa89325c5fe2/JarJarMetadata-0.3.19.jar:/root/.gradle/caches/modules-2/files-2.1/org.apache.maven/maven-artifact/3.8.5/4433f50c07debefaed0553bd0068f4f48d449313/maven-artifact-3.8.5.jar:/root/.gradle/caches/modules-2/files-2.1/net.jodah/typetools/0.6.3/a01aaa6ddaea9ec07ec4f209487b7a46a526283a/typetools-0.6.3.jar:/root/.gradle/caches/modules-2/files-2.1/net.minecrell/terminalconsoleappender/1.2.0/96d02cd3b384ff015a8fef4223bcb4ccf1717c95/terminalconsoleappender-1.2.0.jar:/root/.gradle/caches/modules-2/files-2.1/org.jline/jline-reader/3.12.1/4382ab1382c7b6f379377ed5f665dc2f6e1218bc/jline-reader-3.12.1.jar:/root/.gradle/caches/modules-2/files-2.1/org.jline/jline-terminal/3.12.1/c777448314e050d980a6b697c140f3bfe9eb7416/jline-terminal-3.12.1.jar:/root/.gradle/caches/modules-2/files-2.1/org.spongepowered/mixin/0.8.5/9d1c0c3a304ae6697ecd477218fa61b850bf57fc/mixin-0.8.5.jar:/root/.gradle/caches/modules-2/files-2.1/com.github.oshi/oshi-core/6.2.2/54f5efc19bca95d709d9a37d19ffcbba3d21c1a6/oshi-core-6.2.2.jar:/root/.gradle/caches/modules-2/files-2.1/com.google.code.gson/gson/2.10/dd9b193aef96e973d5a11ab13cd17430c2e4306b/gson-2.10.jar:/root/.gradle/caches/modules-2/files-2.1/com.google.guava/guava/31.1-jre/60458f877d055d0c9114d9e1a2efb737b4bc282c/guava-31.1-jre.jar:/root/.gradle/caches/modules-2/files-2.1/com.google.guava/failureaccess/1.0.1/1dcf1de382a0bf95a3d8b0849546c88bac1292c9/failureaccess-1.0.1.jar:/root/.gradle/caches/modules-2/files-2.1/com.ibm.icu/icu4j/61.1/28d33b5e44e72edcc66a5da7a34a42147f38d987/icu4j-61.1.jar:/root/.gradle/caches/modules-2/files-2.1/com.mojang/authlib/4.0.43/2ff9d747a77570a07a60d32ac77eb6162ad2a2d9/authlib-4.0.43.jar:/root/.gradle/caches/modules-2/files-2.1/com.mojang/blocklist/1.0.10/5c685c5ffa94c4cd39496c7184c1d122e515ecef/blocklist-1.0.10.jar:/root/.gradle/caches/modules-2/files-2.1/com.mojang/brigadier/1.1.8/5244ce82c3337bba4a196a3ce858bfaecc74404a/brigadier-1.1.8.jar:/root/.gradle/caches/modules-2/files-2.1/com.mojang/datafixerupper/6.0.8/3ba4a30557a9b057760af4011f909ba619fc5125/datafixerupper-6.0.8.jar:/root/.gradle/caches/modules-2/files-2.1/com.mojang/logging/1.1.1/832b8e6674a9b325a5175a3a6267dfaf34c85139/logging-1.1.1.jar:/root/.gradle/caches/modules-2/files-2.1/com.mojang/patchy/2.2.10/da05971b07cbb379d002cf7eaec6a2048211fefc/patchy-2.2.10.jar:/root/.gradle/caches/modules-2/files-2.1/com.mojang/text2speech/1.17.9/3cad216e3a7f0c19b4b394388bc9ffc446f13b14/text2speech-1.17.9.jar:/root/.gradle/caches/modules-2/files-2.1/commons-codec/commons-codec/1.15/49d94806b6e3dc933dacbd8acb0fdbab8ebd1e5d/commons-codec-1.15.jar:/root/.gradle/caches/modules-2/files-2.1/commons-io/commons-io/2.11.0/a2503f302b11ebde7ebc3df41daebe0e4eea3689/commons-io-2.11.0.jar:/root/.gradle/caches/modules-2/files-2.1/commons-logging/commons-logging/1.2/4bfc12adfe4842bf07b657f0369c4cb522955686/commons-logging-1.2.jar:/root/.gradle/caches/modules-2/files-2.1/io.netty/netty-buffer/4.1.82.Final/a544270cf1ae8b8077082f5036436a9a9971ea71/netty-buffer-4.1.82.Final.jar:/root/.gradle/caches/modules-2/files-2.1/io.netty/netty-codec/4.1.82.Final/b77200379acb345a9ffdece1c605e591ac3e4e0a/netty-codec-4.1.82.Final.jar:/root/.gradle/caches/modules-2/files-2.1/io.netty/netty-common/4.1.82.Final/22d148e85c3f5ebdacc0ce1f5aabb1d420f73f3/netty-common-4.1.82.Final.jar:/root/.gradle/caches/modules-2/files-2.1/io.netty/netty-handler/4.1.82.Final/644041d1fa96a5d3130a29e8978630d716d76e38/netty-handler-4.1.82.Final.jar:/root/.gradle/caches/modules-2/files-2.1/io.netty/netty-resolver/4.1.82.Final/38f665ae8dcd29032eea31245ba7806bed2e0fa8/netty-resolver-4.1.82.Final.jar:/root/.gradle/caches/modules-2/files-2.1/io.netty/netty-transport-classes-epoll/4.1.82.Final/e7c7dd18deac93105797f30057c912651ea76521/netty-transport-classes-epoll-4.1.82.Final.jar:/root/.gradle/caches/modules-2/files-2.1/io.netty/netty-transport-native-unix-common/4.1.82.Final/3e895b35ca1b8a0eca56cacff4c2dde5d2c6abce/netty-transport-native-unix-common-4.1.82.Final.jar:/root/.gradle/caches/modules-2/files-2.1/io.netty/netty-transport/4.1.82.Final/e431a218d91acb6476ccad5f5aafde50aa3945ca/netty-transport-4.1.82.Final.jar:/root/.gradle/caches/modules-2/files-2.1/it.unimi.dsi/fastutil/8.5.9/bb7ea75ecdb216654237830b3a96d87ad91f8cc5/fastutil-8.5.9.jar:/root/.gradle/caches/modules-2/files-2.1/net.java.dev.jna/jna-platform/5.12.1/97406a297c852f4a41e688a176ec675f72e8329/jna-platform-5.12.1.jar:/root/.gradle/caches/modules-2/files-2.1/net.java.dev.jna/jna/5.12.1/b1e93a735caea94f503e95e6fe79bf9cdc1e985d/jna-5.12.1.jar:/root/.gradle/caches/modules-2/files-2.1/net.sf.jopt-simple/jopt-simple/5.0.4/4fdac2fbe92dfad86aa6e9301736f6b4342a3f5c/jopt-simple-5.0.4.jar:/root/.gradle/caches/modules-2/files-2.1/org.apache.commons/commons-compress/1.21/4ec95b60d4e86b5c95a0e919cb172a0af98011ef/commons-compress-1.21.jar:/root/.gradle/caches/modules-2/files-2.1/org.apache.commons/commons-lang3/3.12.0/c6842c86792ff03b9f1d1fe2aab8dc23aa6c6f0e/commons-lang3-3.12.0.jar:/root/.gradle/caches/modules-2/files-2.1/org.apache.httpcomponents/httpclient/4.5.13/e5f6cae5ca7ecaac1ec2827a9e2d65ae2869cada/httpclient-4.5.13.jar:/root/.gradle/caches/modules-2/files-2.1/org.apache.httpcomponents/httpcore/4.4.15/7f2e0c573eaa7a74bac2e89b359e1f73d92a0a1d/httpcore-4.4.15.jar:/root/.gradle/caches/modules-2/files-2.1/org.apache.logging.log4j/log4j-core/2.19.0/3b6eeb4de4c49c0fe38a4ee27188ff5fee44d0bb/log4j-core-2.19.0.jar:/root/.gradle/caches/modules-2/files-2.1/org.apache.logging.log4j/log4j-slf4j2-impl/2.19.0/5c04bfdd63ce9dceb2e284b81e96b6a70010ee10/log4j-slf4j2-impl-2.19.0.jar:/root/.gradle/caches/modules-2/files-2.1/org.apache.logging.log4j/log4j-api/2.19.0/ea1b37f38c327596b216542bc636cfdc0b8036fa/log4j-api-2.19.0.jar:/root/.gradle/caches/modules-2/files-2.1/org.joml/joml/1.10.5/22566d58af70ad3d72308bab63b8339906deb649/joml-1.10.5.jar:/root/.gradle/caches/modules-2/files-2.1/org.lwjgl/lwjgl-glfw/3.3.1/cbac1b8d30cb4795149c1ef540f912671a8616d0/lwjgl-glfw-3.3.1.jar:/root/.gradle/caches/modules-2/files-2.1/org.lwjgl/lwjgl-glfw/3.3.1/81716978214ecbda15050ca394b06ef61501a49e/lwjgl-glfw-3.3.1-natives-linux.jar:/root/.gradle/caches/modules-2/files-2.1/org.lwjgl/lwjgl-jemalloc/3.3.1/a817bcf213db49f710603677457567c37d53e103/lwjgl-jemalloc-3.3.1.jar:/root/.gradle/caches/modules-2/files-2.1/org.lwjgl/lwjgl-jemalloc/3.3.1/33dbb017b6ed6b25f993ad9d56741a49e7937718/lwjgl-jemalloc-3.3.1-natives-linux.jar:/root/.gradle/caches/modules-2/files-2.1/org.lwjgl/lwjgl-openal/3.3.1/2623a6b8ae1dfcd880738656a9f0243d2e6840bd/lwjgl-openal-3.3.1.jar:/root/.gradle/caches/modules-2/files-2.1/org.lwjgl/lwjgl-openal/3.3.1/f906b6439f6daa66001182ea7727e3467a93681b/lwjgl-openal-3.3.1-natives-linux.jar:/root/.gradle/caches/modules-2/files-2.1/org.lwjgl/lwjgl-opengl/3.3.1/831a5533a21a5f4f81bbc51bb13e9899319b5411/lwjgl-opengl-3.3.1.jar:/root/.gradle/caches/modules-2/files-2.1/org.lwjgl/lwjgl-opengl/3.3.1/ab9ab6fde3743e3550fa5d46d785ecb45b047d99/lwjgl-opengl-3.3.1-natives-linux.jar:/root/.gradle/caches/modules-2/files-2.1/org.lwjgl/lwjgl-stb/3.3.1/b119297cf8ed01f247abe8685857f8e7fcf5980f/lwjgl-stb-3.3.1.jar:/root/.gradle/caches/modules-2/files-2.1/org.lwjgl/lwjgl-stb/3.3.1/3ee7aec8686e52867677110415566a5342a80230/lwjgl-stb-3.3.1-natives-linux.jar:/root/.gradle/caches/modules-2/files-2.1/org.lwjgl/lwjgl-tinyfd/3.3.1/ff1914111ef2e3e0110ef2dabc8d8cdaad82347/lwjgl-tinyfd-3.3.1.jar:/root/.gradle/caches/modules-2/files-2.1/org.lwjgl/lwjgl-tinyfd/3.3.1/a35110b9471bea8cde826ab297550ee8c22f5035/lwjgl-tinyfd-3.3.1-natives-linux.jar:/root/.gradle/caches/modules-2/files-2.1/org.lwjgl/lwjgl/3.3.1/ae58664f88e18a9bb2c77b063833ca7aaec484cb/lwjgl-3.3.1.jar:/root/.gradle/caches/modules-2/files-2.1/org.lwjgl/lwjgl/3.3.1/1de885aba434f934201b99f2f1afb142036ac189/lwjgl-3.3.1-natives-linux.jar:/root/.gradle/caches/modules-2/files-2.1/com.machinezoo.noexception/noexception/1.7.1/b65330c98e38a1f915fa54a6e5eca496505e3f0a/noexception-1.7.1.jar:/root/.gradle/caches/modules-2/files-2.1/org.slf4j/slf4j-simple/1.7.30/e606eac955f55ecf1d8edcccba04eb8ac98088dd/slf4j-simple-1.7.30.jar:/root/.gradle/caches/modules-2/files-2.1/org.slf4j/slf4j-api/2.0.0/82b150a36b504a09076b29c0509e31702c9c3999/slf4j-api-2.0.0.jar:/root/.gradle/caches/modules-2/files-2.1/net.minecraftforge/srgutils/0.4.11/fbad1341ffdb47d276bbdc40ecb06da49e053e74/srgutils-0.4.11.jar:/root/.gradle/caches/modules-2/files-2.1/org.codehaus.plexus/plexus-utils/3.3.0/cf43b5391de623b36fe066a21127baef82c64022/plexus-utils-3.3.0.jar:/root/.gradle/caches/modules-2/files-2.1/com.google.guava/listenablefuture/9999.0-empty-to-avoid-conflict-with-guava/b421526c5f297295adef1c886e5246c39d4ac629/listenablefuture-9999.0-empty-to-avoid-conflict-with-guava.jar:/root/.gradle/caches/modules-2/files-2.1/com.google.code.findbugs/jsr305/3.0.2/25ea2e8b0c338a877313bd4672d3fe056ea78f0d/jsr305-3.0.2.jar:/root/.gradle/caches/modules-2/files-2.1/org.checkerframework/checker-qual/3.12.0/d5692f0526415fcc6de94bb5bfbd3afd9dd3b3e5/checker-qual-3.12.0.jar:/root/.gradle/caches/modules-2/files-2.1/com.google.errorprone/error_prone_annotations/2.11.0/c5a0ace696d3f8b1c1d8cc036d8c03cc0cbe6b69/error_prone_annotations-2.11.0.jar:/root/.gradle/caches/modules-2/files-2.1/com.google.j2objc/j2objc-annotations/1.3/ba035118bc8bac37d7eff77700720999acd9986d/j2objc-annotations-1.3.jar:/root/.gradle/caches/modules-2/files-2.1/io.netty/netty-transport-native-epoll/4.1.82.Final/476409d6255001ca53a55f65b01c13822f8dc93a/netty-transport-native-epoll-4.1.82.Final-linux-aarch_64.jar:/root/.gradle/caches/modules-2/files-2.1/io.netty/netty-transport-native-epoll/4.1.82.Final/c7350a71920f3ae9142945e25fed4846cce53374/netty-transport-native-epoll-4.1.82.Final-linux-x86_64.jar:/root/.gradle/caches/modules-2/files-2.1/org.antlr/ST4/4.3/92f2c1ad8d84abcbeead6cf7f2c53a04166293c2/ST4-4.3.jar:/root/.gradle/caches/modules-2/files-2.1/org.antlr/antlr-runtime/3.5.2/cd9cd41361c155f3af0f653009dcecb08d8b4afd/antlr-runtime-3.5.2.jar:/root/.gradle/caches/modules-2/files-2.1/org.abego.treelayout/org.abego.treelayout.core/1.0.3/457216e8e6578099ae63667bb1e4439235892028/org.abego.treelayout.core-1.0.3.jar:/root/.gradle/caches/modules-2/files-2.1/org.glassfish/javax.json/1.0.4/3178f73569fd7a1e5ffc464e680f7a8cc784b85a/javax.json-1.0.4.jar)
		at com.sun.jna.Native.extractFromResourcePath(Native.java:1145) ~[jna-5.12.1.jar:5.12.1 (b0)] {}
		at com.sun.jna.NativeLibrary.loadLibrary(NativeLibrary.java:281) ~[jna-5.12.1.jar:5.12.1 (b0)] {}
		at com.sun.jna.NativeLibrary.getInstance(NativeLibrary.java:467) ~[jna-5.12.1.jar:5.12.1 (b0)] {}
		at com.sun.jna.NativeLibrary.getInstance(NativeLibrary.java:409) ~[jna-5.12.1.jar:5.12.1 (b0)] {}
		at com.mojang.text2speech.NarratorLinux$FliteLibrary.loadNative(NarratorLinux.java:67) ~[text2speech-1.17.9.jar:?] {}
		at com.mojang.text2speech.NarratorLinux.<init>(NarratorLinux.java:18) ~[text2speech-1.17.9.jar:?] {}
		at com.mojang.text2speech.Narrator.getNarrator(Narrator.java:41) ~[text2speech-1.17.9.jar:?] {}
		at net.minecraft.client.GameNarrator.<init>(GameNarrator.java:21) ~[forge-1.20.1-47.1.3.jar:?] {re:classloading,pl:runtimedistcleaner:A}
		at net.minecraft.client.Minecraft.<init>(Minecraft.java:568) ~[forge-1.20.1-47.1.3.jar:?] {re:classloading,pl:accesstransformer:B,pl:runtimedistcleaner:A}
		at net.minecraft.client.main.Main.main(Main.java:182) ~[forge-1.20.1-47.1.3.jar:?] {re:classloading,pl:runtimedistcleaner:A}
		at jdk.internal.reflect.NativeMethodAccessorImpl.invoke0(Native Method) ~[?:?] {}
		at jdk.internal.reflect.NativeMethodAccessorImpl.invoke(NativeMethodAccessorImpl.java:77) ~[?:?] {}
		at jdk.internal.reflect.DelegatingMethodAccessorImpl.invoke(DelegatingMethodAccessorImpl.java:43) ~[?:?] {}
		at java.lang.reflect.Method.invoke(Method.java:569) ~[?:?] {}
		at net.minecraftforge.fml.loading.targets.CommonLaunchHandler.runTarget(CommonLaunchHandler.java:111) ~[fmlloader-1.20.1-47.1.3.jar:?] {}
		at net.minecraftforge.fml.loading.targets.CommonLaunchHandler.clientService(CommonLaunchHandler.java:99) ~[fmlloader-1.20.1-47.1.3.jar:?] {}
		at net.minecraftforge.fml.loading.targets.ForgeClientUserdevLaunchHandler.devService(ForgeClientUserdevLaunchHandler.java:19) ~[fmlloader-1.20.1-47.1.3.jar:?] {}
		at net.minecraftforge.fml.loading.targets.CommonDevLaunchHandler.lambda$makeService$7(CommonDevLaunchHandler.java:135) ~[fmlloader-1.20.1-47.1.3.jar:?] {}
		at cpw.mods.modlauncher.LaunchServiceHandlerDecorator.launch(LaunchServiceHandlerDecorator.java:30) ~[modlauncher-10.0.10.jar:?] {}
		at cpw.mods.modlauncher.LaunchServiceHandler.launch(LaunchServiceHandler.java:53) ~[modlauncher-10.0.10.jar:?] {}
		at cpw.mods.modlauncher.LaunchServiceHandler.launch(LaunchServiceHandler.java:71) ~[modlauncher-10.0.10.jar:?] {}
		at cpw.mods.modlauncher.Launcher.run(Launcher.java:108) ~[modlauncher-10.0.10.jar:?] {}
		at cpw.mods.modlauncher.Launcher.main(Launcher.java:78) ~[modlauncher-10.0.10.jar:?] {}
		at cpw.mods.modlauncher.BootstrapLaunchConsumer.accept(BootstrapLaunchConsumer.java:26) ~[modlauncher-10.0.10.jar:?] {}
		at cpw.mods.modlauncher.BootstrapLaunchConsumer.accept(BootstrapLaunchConsumer.java:23) ~[modlauncher-10.0.10.jar:?] {}
		at cpw.mods.bootstraplauncher.BootstrapLauncher.main(BootstrapLauncher.java:141) ~[bootstraplauncher-1.1.2.jar:?] {}
		at jdk.internal.reflect.NativeMethodAccessorImpl.invoke0(Native Method) ~[?:?] {}
		at jdk.internal.reflect.NativeMethodAccessorImpl.invoke(NativeMethodAccessorImpl.java:77) ~[?:?] {}
		at jdk.internal.reflect.DelegatingMethodAccessorImpl.invoke(DelegatingMethodAccessorImpl.java:43) ~[?:?] {}
		at java.lang.reflect.Method.invoke(Method.java:569) ~[?:?] {}
		at net.neoforged.devlaunch.Main.main(Main.java:55) ~[?:?] {}
[08:46:33] [Render thread/INFO] [minecraft/ReloadableResourceManager]: Reloading ResourceManager: vanilla, mod_resources
[08:46:33] [Forge Version Check/INFO] [ne.mi.fm.VersionChecker/]: [forge] Starting version check at https://files.minecraftforge.net/net/minecraftforge/forge/promotions_slim.json
[08:46:33] [Worker-Main-7/WARN] [minecraft/FontManager]: Unable to load font 'minecraft:include/unifont' in fonts.json in resourcepack: 'vanilla'
com.google.gson.JsonParseException: Not a JSON object: null
	at net.minecraft.Util.getOrThrow(Util.java:819) ~[forge-1.20.1-47.1.3.jar%23179!/:?] {re:classloading}
	at net.minecraft.client.gui.font.FontManager.loadResourceStack(FontManager.java:192) ~[forge-1.20.1-47.1.3.jar%23179!/:?] {re:classloading,pl:runtimedistcleaner:A}
	at net.minecraft.client.gui.font.FontManager.lambda$prepare$4(FontManager.java:82) ~[forge-1.20.1-47.1.3.jar%23179!/:?] {re:classloading,pl:runtimedistcleaner:A}
	at java.util.concurrent.CompletableFuture$AsyncSupply.run(CompletableFuture.java:1768) ~[?:?] {}
	at java.util.concurrent.CompletableFuture$AsyncSupply.exec(CompletableFuture.java:1760) ~[?:?] {}
	at java.util.concurrent.ForkJoinTask.doExec(ForkJoinTask.java:373) ~[?:?] {}
	at java.util.concurrent.ForkJoinPool$WorkQueue.topLevelExec(ForkJoinPool.java:1182) ~[?:?] {}
	at java.util.concurrent.ForkJoinPool.scan(ForkJoinPool.java:1655) ~[?:?] {}
	at java.util.concurrent.ForkJoinPool.runWorker(ForkJoinPool.java:1622) ~[?:?] {}
	at java.util.concurrent.ForkJoinWorkerThread.run(ForkJoinWorkerThread.java:165) ~[?:?] {}
[08:46:34] [Render thread/WARN] [minecraft/TextureManager]: Failed to load texture: minecraft:textures/gui/title/background/panorama_overlay.png
java.nio.file.NoSuchFileException: /root/.gradle/caches/neoformruntime/assets/objects/9d/9dd32387135eefa7ab95996d52a5ca4cec8a3b30
	at sun.nio.fs.UnixException.translateToIOException(UnixException.java:92) ~[?:?] {}
	at sun.nio.fs.UnixException.rethrowAsIOException(UnixException.java:106) ~[?:?] {}
	at sun.nio.fs.UnixException.rethrowAsIOException(UnixException.java:111) ~[?:?] {}
	at sun.nio.fs.UnixFileSystemProvider.newByteChannel(UnixFileSystemProvider.java:218) ~[?:?] {}
	at java.nio.file.Files.newByteChannel(Files.java:380) ~[?:?] {}
	at net.minecraft.server.packs.linkfs.LinkFSProvider.newByteChannel(LinkFSProvider.java:57) ~[forge-1.20.1-47.1.3.jar%23179!/:?] {re:classloading}
	at java.nio.file.Files.newByteChannel(Files.java:380) ~[?:?] {}
	at java.nio.file.Files.newByteChannel(Files.java:432) ~[?:?] {}
	at java.nio.file.spi.FileSystemProvider.newInputStream(FileSystemProvider.java:422) ~[?:?] {}
	at java.nio.file.Files.newInputStream(Files.java:160) ~[?:?] {}
	at net.minecraft.server.packs.resources.IoSupplier.lambda$create$0(IoSupplier.java:14) ~[forge-1.20.1-47.1.3.jar%23179!/:?] {re:classloading}
	at net.minecraft.server.packs.resources.Resource.open(Resource.java:44) ~[forge-1.20.1-47.1.3.jar%23179!/:?] {re:classloading}
	at net.minecraft.client.renderer.texture.SimpleTexture$TextureImage.load(SimpleTexture.java:88) ~[forge-1.20.1-47.1.3.jar%23179!/:?] {re:classloading,pl:runtimedistcleaner:A}
	at net.minecraft.client.renderer.texture.PreloadedTexture.lambda$new$0(PreloadedTexture.java:21) ~[forge-1.20.1-47.1.3.jar%23179!/:?] {re:classloading,pl:runtimedistcleaner:A}
	at java.util.concurrent.CompletableFuture$AsyncSupply.run(CompletableFuture.java:1768) ~[?:?] {}
	at java.util.concurrent.CompletableFuture$AsyncSupply.exec(CompletableFuture.java:1760) ~[?:?] {}
	at java.util.concurrent.ForkJoinTask.doExec(ForkJoinTask.java:373) ~[?:?] {}
	at java.util.concurrent.ForkJoinPool$WorkQueue.topLevelExec(ForkJoinPool.java:1182) ~[?:?] {}
	at java.util.concurrent.ForkJoinPool.scan(ForkJoinPool.java:1655) ~[?:?] {}
	at java.util.concurrent.ForkJoinPool.runWorker(ForkJoinPool.java:1622) ~[?:?] {}
	at java.util.concurrent.ForkJoinWorkerThread.run(ForkJoinWorkerThread.java:165) ~[?:?] {}
[08:46:34] [Render thread/WARN] [minecraft/TextureManager]: Failed to load texture: minecraft:textures/gui/title/background/panorama_1.png
java.nio.file.NoSuchFileException: /root/.gradle/caches/neoformruntime/assets/objects/28/28389e89137ba4ed2578c6748b23543759580b06
	at sun.nio.fs.UnixException.translateToIOException(UnixException.java:92) ~[?:?] {}
	at sun.nio.fs.UnixException.rethrowAsIOException(UnixException.java:106) ~[?:?] {}
	at sun.nio.fs.UnixException.rethrowAsIOException(UnixException.java:111) ~[?:?] {}
	at sun.nio.fs.UnixFileSystemProvider.newByteChannel(UnixFileSystemProvider.java:218) ~[?:?] {}
	at java.nio.file.Files.newByteChannel(Files.java:380) ~[?:?] {}
	at net.minecraft.server.packs.linkfs.LinkFSProvider.newByteChannel(LinkFSProvider.java:57) ~[forge-1.20.1-47.1.3.jar%23179!/:?] {re:classloading}
	at java.nio.file.Files.newByteChannel(Files.java:380) ~[?:?] {}
	at java.nio.file.Files.newByteChannel(Files.java:432) ~[?:?] {}
	at java.nio.file.spi.FileSystemProvider.newInputStream(FileSystemProvider.java:422) ~[?:?] {}
	at java.nio.file.Files.newInputStream(Files.java:160) ~[?:?] {}
	at net.minecraft.server.packs.resources.IoSupplier.lambda$create$0(IoSupplier.java:14) ~[forge-1.20.1-47.1.3.jar%23179!/:?] {re:classloading}
	at net.minecraft.server.packs.resources.Resource.open(Resource.java:44) ~[forge-1.20.1-47.1.3.jar%23179!/:?] {re:classloading}
	at net.minecraft.client.renderer.texture.SimpleTexture$TextureImage.load(SimpleTexture.java:88) ~[forge-1.20.1-47.1.3.jar%23179!/:?] {re:classloading,pl:runtimedistcleaner:A}
	at net.minecraft.client.renderer.texture.PreloadedTexture.lambda$new$0(PreloadedTexture.java:21) ~[forge-1.20.1-47.1.3.jar%23179!/:?] {re:classloading,pl:runtimedistcleaner:A}
	at java.util.concurrent.CompletableFuture$AsyncSupply.run(CompletableFuture.java:1768) ~[?:?] {}
	at java.util.concurrent.CompletableFuture$AsyncSupply.exec(CompletableFuture.java:1760) ~[?:?] {}
	at java.util.concurrent.ForkJoinTask.doExec(ForkJoinTask.java:373) ~[?:?] {}
	at java.util.concurrent.ForkJoinPool$WorkQueue.topLevelExec(ForkJoinPool.java:1182) ~[?:?] {}
	at java.util.concurrent.ForkJoinPool.scan(ForkJoinPool.java:1655) ~[?:?] {}
	at java.util.concurrent.ForkJoinPool.runWorker(ForkJoinPool.java:1622) ~[?:?] {}
	at java.util.concurrent.ForkJoinWorkerThread.run(ForkJoinWorkerThread.java:165) ~[?:?] {}
[08:46:34] [Render thread/WARN] [minecraft/TextureManager]: Failed to load texture: minecraft:textures/gui/title/background/panorama_0.png
java.nio.file.NoSuchFileException: /root/.gradle/caches/neoformruntime/assets/objects/f2/f228a4964175f885b334033c5e5cf12bf62421d0
	at sun.nio.fs.UnixException.translateToIOException(UnixException.java:92) ~[?:?] {}
	at sun.nio.fs.UnixException.rethrowAsIOException(UnixException.java:106) ~[?:?] {}
	at sun.nio.fs.UnixException.rethrowAsIOException(UnixException.java:111) ~[?:?] {}
	at sun.nio.fs.UnixFileSystemProvider.newByteChannel(UnixFileSystemProvider.java:218) ~[?:?] {}
	at java.nio.file.Files.newByteChannel(Files.java:380) ~[?:?] {}
	at net.minecraft.server.packs.linkfs.LinkFSProvider.newByteChannel(LinkFSProvider.java:57) ~[forge-1.20.1-47.1.3.jar%23179!/:?] {re:classloading}
	at java.nio.file.Files.newByteChannel(Files.java:380) ~[?:?] {}
	at java.nio.file.Files.newByteChannel(Files.java:432) ~[?:?] {}
	at java.nio.file.spi.FileSystemProvider.newInputStream(FileSystemProvider.java:422) ~[?:?] {}
	at java.nio.file.Files.newInputStream(Files.java:160) ~[?:?] {}
	at net.minecraft.server.packs.resources.IoSupplier.lambda$create$0(IoSupplier.java:14) ~[forge-1.20.1-47.1.3.jar%23179!/:?] {re:classloading}
	at net.minecraft.server.packs.resources.Resource.open(Resource.java:44) ~[forge-1.20.1-47.1.3.jar%23179!/:?] {re:classloading}
	at net.minecraft.client.renderer.texture.SimpleTexture$TextureImage.load(SimpleTexture.java:88) ~[forge-1.20.1-47.1.3.jar%23179!/:?] {re:classloading,pl:runtimedistcleaner:A}
	at net.minecraft.client.renderer.texture.PreloadedTexture.lambda$new$0(PreloadedTexture.java:21) ~[forge-1.20.1-47.1.3.jar%23179!/:?] {re:classloading,pl:runtimedistcleaner:A}
	at java.util.concurrent.CompletableFuture$AsyncSupply.run(CompletableFuture.java:1768) ~[?:?] {}
	at java.util.concurrent.CompletableFuture$AsyncSupply.exec(CompletableFuture.java:1760) ~[?:?] {}
	at java.util.concurrent.ForkJoinTask.doExec(ForkJoinTask.java:373) ~[?:?] {}
	at java.util.concurrent.ForkJoinPool$WorkQueue.topLevelExec(ForkJoinPool.java:1182) ~[?:?] {}
	at java.util.concurrent.ForkJoinPool.scan(ForkJoinPool.java:1655) ~[?:?] {}
	at java.util.concurrent.ForkJoinPool.runWorker(ForkJoinPool.java:1622) ~[?:?] {}
	at java.util.concurrent.ForkJoinWorkerThread.run(ForkJoinWorkerThread.java:165) ~[?:?] {}
[08:46:34] [Render thread/WARN] [minecraft/TextureManager]: Failed to load texture: minecraft:textures/gui/title/background/panorama_2.png
java.nio.file.NoSuchFileException: /root/.gradle/caches/neoformruntime/assets/objects/28/28ed5175e545a92757ec60a2cc05e4599dd3e96a
	at sun.nio.fs.UnixException.translateToIOException(UnixException.java:92) ~[?:?] {}
	at sun.nio.fs.UnixException.rethrowAsIOException(UnixException.java:106) ~[?:?] {}
	at sun.nio.fs.UnixException.rethrowAsIOException(UnixException.java:111) ~[?:?] {}
	at sun.nio.fs.UnixFileSystemProvider.newByteChannel(UnixFileSystemProvider.java:218) ~[?:?] {}
	at java.nio.file.Files.newByteChannel(Files.java:380) ~[?:?] {}
	at net.minecraft.server.packs.linkfs.LinkFSProvider.newByteChannel(LinkFSProvider.java:57) ~[forge-1.20.1-47.1.3.jar%23179!/:?] {re:classloading}
	at java.nio.file.Files.newByteChannel(Files.java:380) ~[?:?] {}
	at java.nio.file.Files.newByteChannel(Files.java:432) ~[?:?] {}
	at java.nio.file.spi.FileSystemProvider.newInputStream(FileSystemProvider.java:422) ~[?:?] {}
	at java.nio.file.Files.newInputStream(Files.java:160) ~[?:?] {}
	at net.minecraft.server.packs.resources.IoSupplier.lambda$create$0(IoSupplier.java:14) ~[forge-1.20.1-47.1.3.jar%23179!/:?] {re:classloading}
	at net.minecraft.server.packs.resources.Resource.open(Resource.java:44) ~[forge-1.20.1-47.1.3.jar%23179!/:?] {re:classloading}
	at net.minecraft.client.renderer.texture.SimpleTexture$TextureImage.load(SimpleTexture.java:88) ~[forge-1.20.1-47.1.3.jar%23179!/:?] {re:classloading,pl:runtimedistcleaner:A}
	at net.minecraft.client.renderer.texture.PreloadedTexture.lambda$new$0(PreloadedTexture.java:21) ~[forge-1.20.1-47.1.3.jar%23179!/:?] {re:classloading,pl:runtimedistcleaner:A}
	at java.util.concurrent.CompletableFuture$AsyncSupply.run(CompletableFuture.java:1768) ~[?:?] {}
	at java.util.concurrent.CompletableFuture$AsyncSupply.exec(CompletableFuture.java:1760) ~[?:?] {}
	at java.util.concurrent.ForkJoinTask.doExec(ForkJoinTask.java:373) ~[?:?] {}
	at java.util.concurrent.ForkJoinPool$WorkQueue.topLevelExec(ForkJoinPool.java:1182) ~[?:?] {}
	at java.util.concurrent.ForkJoinPool.scan(ForkJoinPool.java:1655) ~[?:?] {}
	at java.util.concurrent.ForkJoinPool.runWorker(ForkJoinPool.java:1622) ~[?:?] {}
	at java.util.concurrent.ForkJoinWorkerThread.run(ForkJoinWorkerThread.java:165) ~[?:?] {}
[08:46:34] [Render thread/WARN] [minecraft/TextureManager]: Failed to load texture: minecraft:textures/gui/title/background/panorama_4.png
java.nio.file.NoSuchFileException: /root/.gradle/caches/neoformruntime/assets/objects/db/dbd2a426590ecbbbe2ee416d8fa00e1cac800008
	at sun.nio.fs.UnixException.translateToIOException(UnixException.java:92) ~[?:?] {}
	at sun.nio.fs.UnixException.rethrowAsIOException(UnixException.java:106) ~[?:?] {}
	at sun.nio.fs.UnixException.rethrowAsIOException(UnixException.java:111) ~[?:?] {}
	at sun.nio.fs.UnixFileSystemProvider.newByteChannel(UnixFileSystemProvider.java:218) ~[?:?] {}
	at java.nio.file.Files.newByteChannel(Files.java:380) ~[?:?] {}
	at net.minecraft.server.packs.linkfs.LinkFSProvider.newByteChannel(LinkFSProvider.java:57) ~[forge-1.20.1-47.1.3.jar%23179!/:?] {re:classloading}
	at java.nio.file.Files.newByteChannel(Files.java:380) ~[?:?] {}
	at java.nio.file.Files.newByteChannel(Files.java:432) ~[?:?] {}
	at java.nio.file.spi.FileSystemProvider.newInputStream(FileSystemProvider.java:422) ~[?:?] {}
	at java.nio.file.Files.newInputStream(Files.java:160) ~[?:?] {}
	at net.minecraft.server.packs.resources.IoSupplier.lambda$create$0(IoSupplier.java:14) ~[forge-1.20.1-47.1.3.jar%23179!/:?] {re:classloading}
	at net.minecraft.server.packs.resources.Resource.open(Resource.java:44) ~[forge-1.20.1-47.1.3.jar%23179!/:?] {re:classloading}
	at net.minecraft.client.renderer.texture.SimpleTexture$TextureImage.load(SimpleTexture.java:88) ~[forge-1.20.1-47.1.3.jar%23179!/:?] {re:classloading,pl:runtimedistcleaner:A}
	at net.minecraft.client.renderer.texture.PreloadedTexture.lambda$new$0(PreloadedTexture.java:21) ~[forge-1.20.1-47.1.3.jar%23179!/:?] {re:classloading,pl:runtimedistcleaner:A}
	at java.util.concurrent.CompletableFuture$AsyncSupply.run(CompletableFuture.java:1768) ~[?:?] {}
	at java.util.concurrent.CompletableFuture$AsyncSupply.exec(CompletableFuture.java:1760) ~[?:?] {}
	at java.util.concurrent.ForkJoinTask.doExec(ForkJoinTask.java:373) ~[?:?] {}
	at java.util.concurrent.ForkJoinPool$WorkQueue.topLevelExec(ForkJoinPool.java:1182) ~[?:?] {}
	at java.util.concurrent.ForkJoinPool.scan(ForkJoinPool.java:1655) ~[?:?] {}
	at java.util.concurrent.ForkJoinPool.runWorker(ForkJoinPool.java:1622) ~[?:?] {}
	at java.util.concurrent.ForkJoinWorkerThread.run(ForkJoinWorkerThread.java:165) ~[?:?] {}
[08:46:34] [Render thread/WARN] [minecraft/TextureManager]: Failed to load texture: minecraft:textures/gui/title/background/panorama_5.png
java.nio.file.NoSuchFileException: /root/.gradle/caches/neoformruntime/assets/objects/34/344a480830217004a601358cb2bdbb4ccccf88a9
	at sun.nio.fs.UnixException.translateToIOException(UnixException.java:92) ~[?:?] {}
	at sun.nio.fs.UnixException.rethrowAsIOException(UnixException.java:106) ~[?:?] {}
	at sun.nio.fs.UnixException.rethrowAsIOException(UnixException.java:111) ~[?:?] {}
	at sun.nio.fs.UnixFileSystemProvider.newByteChannel(UnixFileSystemProvider.java:218) ~[?:?] {}
	at java.nio.file.Files.newByteChannel(Files.java:380) ~[?:?] {}
	at net.minecraft.server.packs.linkfs.LinkFSProvider.newByteChannel(LinkFSProvider.java:57) ~[forge-1.20.1-47.1.3.jar%23179!/:?] {re:classloading}
	at java.nio.file.Files.newByteChannel(Files.java:380) ~[?:?] {}
	at java.nio.file.Files.newByteChannel(Files.java:432) ~[?:?] {}
	at java.nio.file.spi.FileSystemProvider.newInputStream(FileSystemProvider.java:422) ~[?:?] {}
	at java.nio.file.Files.newInputStream(Files.java:160) ~[?:?] {}
	at net.minecraft.server.packs.resources.IoSupplier.lambda$create$0(IoSupplier.java:14) ~[forge-1.20.1-47.1.3.jar%23179!/:?] {re:classloading}
	at net.minecraft.server.packs.resources.Resource.open(Resource.java:44) ~[forge-1.20.1-47.1.3.jar%23179!/:?] {re:classloading}
	at net.minecraft.client.renderer.texture.SimpleTexture$TextureImage.load(SimpleTexture.java:88) ~[forge-1.20.1-47.1.3.jar%23179!/:?] {re:classloading,pl:runtimedistcleaner:A}
	at net.minecraft.client.renderer.texture.PreloadedTexture.lambda$new$0(PreloadedTexture.java:21) ~[forge-1.20.1-47.1.3.jar%23179!/:?] {re:classloading,pl:runtimedistcleaner:A}
	at java.util.concurrent.CompletableFuture$AsyncSupply.run(CompletableFuture.java:1768) ~[?:?] {}
	at java.util.concurrent.CompletableFuture$AsyncSupply.exec(CompletableFuture.java:1760) ~[?:?] {}
	at java.util.concurrent.ForkJoinTask.doExec(ForkJoinTask.java:373) ~[?:?] {}
	at java.util.concurrent.ForkJoinPool$WorkQueue.topLevelExec(ForkJoinPool.java:1182) ~[?:?] {}
	at java.util.concurrent.ForkJoinPool.scan(ForkJoinPool.java:1655) ~[?:?] {}
	at java.util.concurrent.ForkJoinPool.runWorker(ForkJoinPool.java:1622) ~[?:?] {}
	at java.util.concurrent.ForkJoinWorkerThread.run(ForkJoinWorkerThread.java:165) ~[?:?] {}
[08:46:34] [Render thread/WARN] [minecraft/TextureManager]: Failed to load texture: minecraft:textures/gui/title/background/panorama_3.png
java.nio.file.NoSuchFileException: /root/.gradle/caches/neoformruntime/assets/objects/29/29ef924f1bb2a66ec35aa032ca8ab59431a2ebf6
	at sun.nio.fs.UnixException.translateToIOException(UnixException.java:92) ~[?:?] {}
	at sun.nio.fs.UnixException.rethrowAsIOException(UnixException.java:106) ~[?:?] {}
	at sun.nio.fs.UnixException.rethrowAsIOException(UnixException.java:111) ~[?:?] {}
	at sun.nio.fs.UnixFileSystemProvider.newByteChannel(UnixFileSystemProvider.java:218) ~[?:?] {}
	at java.nio.file.Files.newByteChannel(Files.java:380) ~[?:?] {}
	at net.minecraft.server.packs.linkfs.LinkFSProvider.newByteChannel(LinkFSProvider.java:57) ~[forge-1.20.1-47.1.3.jar%23179!/:?] {re:classloading}
	at java.nio.file.Files.newByteChannel(Files.java:380) ~[?:?] {}
	at java.nio.file.Files.newByteChannel(Files.java:432) ~[?:?] {}
	at java.nio.file.spi.FileSystemProvider.newInputStream(FileSystemProvider.java:422) ~[?:?] {}
	at java.nio.file.Files.newInputStream(Files.java:160) ~[?:?] {}
	at net.minecraft.server.packs.resources.IoSupplier.lambda$create$0(IoSupplier.java:14) ~[forge-1.20.1-47.1.3.jar%23179!/:?] {re:classloading}
	at net.minecraft.server.packs.resources.Resource.open(Resource.java:44) ~[forge-1.20.1-47.1.3.jar%23179!/:?] {re:classloading}
	at net.minecraft.client.renderer.texture.SimpleTexture$TextureImage.load(SimpleTexture.java:88) ~[forge-1.20.1-47.1.3.jar%23179!/:?] {re:classloading,pl:runtimedistcleaner:A}
	at net.minecraft.client.renderer.texture.PreloadedTexture.lambda$new$0(PreloadedTexture.java:21) ~[forge-1.20.1-47.1.3.jar%23179!/:?] {re:classloading,pl:runtimedistcleaner:A}
	at java.util.concurrent.CompletableFuture$AsyncSupply.run(CompletableFuture.java:1768) ~[?:?] {}
	at java.util.concurrent.CompletableFuture$AsyncSupply.exec(CompletableFuture.java:1760) ~[?:?] {}
	at java.util.concurrent.ForkJoinTask.doExec(ForkJoinTask.java:373) ~[?:?] {}
	at java.util.concurrent.ForkJoinPool$WorkQueue.topLevelExec(ForkJoinPool.java:1182) ~[?:?] {}
	at java.util.concurrent.ForkJoinPool.scan(ForkJoinPool.java:1655) ~[?:?] {}
	at java.util.concurrent.ForkJoinPool.runWorker(ForkJoinPool.java:1622) ~[?:?] {}
	at java.util.concurrent.ForkJoinWorkerThread.run(ForkJoinWorkerThread.java:165) ~[?:?] {}
[08:46:34] [Forge Version Check/INFO] [ne.mi.fm.VersionChecker/]: [forge] Found status: OUTDATED Current: 47.1.3 Target: 47.4.10
[08:46:36] [Render thread/WARN] [minecraft/SoundEngine]: Missing sound for event: minecraft:item.goat_horn.play
[08:46:36] [Render thread/WARN] [minecraft/SoundEngine]: Missing sound for event: minecraft:entity.goat.screaming.horn_break
[ALSOFT] (EE) Failed to set real-time priority for thread: Operation not permitted (1)
[08:46:37] [Render thread/INFO] [mojang/Library]: OpenAL initialized on device ALSA Default
[08:46:37] [Render thread/INFO] [minecraft/SoundEngine]: Sound engine started
[08:46:37] [Render thread/INFO] [minecraft/TextureAtlas]: Created: 1024x512x4 minecraft:textures/atlas/blocks.png-atlas
[08:46:37] [Render thread/INFO] [minecraft/TextureAtlas]: Created: 256x256x4 minecraft:textures/atlas/signs.png-atlas
[08:46:37] [Render thread/INFO] [minecraft/TextureAtlas]: Created: 512x512x4 minecraft:textures/atlas/shield_patterns.png-atlas
[08:46:37] [Render thread/INFO] [minecraft/TextureAtlas]: Created: 512x512x4 minecraft:textures/atlas/banner_patterns.png-atlas
[08:46:37] [Render thread/INFO] [minecraft/TextureAtlas]: Created: 1024x1024x4 minecraft:textures/atlas/armor_trims.png-atlas
[08:46:37] [Render thread/INFO] [minecraft/TextureAtlas]: Created: 128x64x4 minecraft:textures/atlas/decorated_pot.png-atlas
[08:46:37] [Render thread/INFO] [minecraft/TextureAtlas]: Created: 256x256x4 minecraft:textures/atlas/chest.png-atlas
[08:46:37] [Render thread/INFO] [minecraft/TextureAtlas]: Created: 512x256x4 minecraft:textures/atlas/shulker_boxes.png-atlas
[08:46:37] [Render thread/INFO] [minecraft/TextureAtlas]: Created: 512x256x4 minecraft:textures/atlas/beds.png-atlas
[08:46:37] [Render thread/WARN] [minecraft/ShaderInstance]: Shader rendertype_entity_translucent_emissive could not find sampler named Sampler2 in the specified shader program.
[08:46:37] [Render thread/INFO] [minecraft/TextureAtlas]: Created: 256x256x0 minecraft:textures/atlas/particles.png-atlas
[08:46:37] [Render thread/INFO] [minecraft/TextureAtlas]: Created: 256x256x0 minecraft:textures/atlas/paintings.png-atlas
[08:46:37] [Render thread/INFO] [minecraft/TextureAtlas]: Created: 128x128x0 minecraft:textures/atlas/mob_effects.png-atlas
[08:46:38] [Render thread/WARN] [minecraft/TextureManager]: Failed to load texture: minecraft:textures/gui/title/background/panorama_0.png
java.nio.file.NoSuchFileException: /root/.gradle/caches/neoformruntime/assets/objects/f2/f228a4964175f885b334033c5e5cf12bf62421d0
	at sun.nio.fs.UnixException.translateToIOException(UnixException.java:92) ~[?:?] {}
	at sun.nio.fs.UnixException.rethrowAsIOException(UnixException.java:106) ~[?:?] {}
	at sun.nio.fs.UnixException.rethrowAsIOException(UnixException.java:111) ~[?:?] {}
	at sun.nio.fs.UnixFileSystemProvider.newByteChannel(UnixFileSystemProvider.java:218) ~[?:?] {}
	at java.nio.file.Files.newByteChannel(Files.java:380) ~[?:?] {}
	at net.minecraft.server.packs.linkfs.LinkFSProvider.newByteChannel(LinkFSProvider.java:57) ~[forge-1.20.1-47.1.3.jar:?] {re:classloading}
	at java.nio.file.Files.newByteChannel(Files.java:380) ~[?:?] {}
	at java.nio.file.Files.newByteChannel(Files.java:432) ~[?:?] {}
	at java.nio.file.spi.FileSystemProvider.newInputStream(FileSystemProvider.java:422) ~[?:?] {}
	at java.nio.file.Files.newInputStream(Files.java:160) ~[?:?] {}
	at net.minecraft.server.packs.resources.IoSupplier.lambda$create$0(IoSupplier.java:14) ~[forge-1.20.1-47.1.3.jar:?] {re:classloading}
	at net.minecraft.server.packs.resources.Resource.open(Resource.java:44) ~[forge-1.20.1-47.1.3.jar:?] {re:classloading}
	at net.minecraft.client.renderer.texture.SimpleTexture$TextureImage.load(SimpleTexture.java:88) ~[forge-1.20.1-47.1.3.jar:?] {re:classloading,pl:runtimedistcleaner:A}
	at net.minecraft.client.renderer.texture.SimpleTexture.getTextureImage(SimpleTexture.java:59) ~[forge-1.20.1-47.1.3.jar:?] {re:classloading,pl:runtimedistcleaner:A}
	at net.minecraft.client.renderer.texture.SimpleTexture.load(SimpleTexture.java:29) ~[forge-1.20.1-47.1.3.jar:?] {re:classloading,pl:runtimedistcleaner:A}
	at net.minecraft.client.renderer.texture.TextureManager.loadTexture(TextureManager.java:96) ~[forge-1.20.1-47.1.3.jar:?] {re:classloading,pl:runtimedistcleaner:A}
	at net.minecraft.client.renderer.texture.TextureManager.register(TextureManager.java:66) ~[forge-1.20.1-47.1.3.jar:?] {re:classloading,pl:runtimedistcleaner:A}
	at net.minecraft.client.renderer.texture.TextureManager.getTexture(TextureManager.java:119) ~[forge-1.20.1-47.1.3.jar:?] {re:classloading,pl:runtimedistcleaner:A}
	at com.mojang.blaze3d.systems.RenderSystem._setShaderTexture(RenderSystem.java:824) ~[forge-1.20.1-47.1.3.jar:?] {re:classloading,pl:runtimedistcleaner:A}
	at com.mojang.blaze3d.systems.RenderSystem.setShaderTexture(RenderSystem.java:816) ~[forge-1.20.1-47.1.3.jar:?] {re:classloading,pl:runtimedistcleaner:A}
	at net.minecraft.client.renderer.CubeMap.render(CubeMap.java:60) ~[forge-1.20.1-47.1.3.jar:?] {re:classloading,pl:runtimedistcleaner:A}
	at net.minecraft.client.renderer.PanoramaRenderer.render(PanoramaRenderer.java:23) ~[forge-1.20.1-47.1.3.jar:?] {re:classloading,pl:runtimedistcleaner:A}
	at net.minecraft.client.gui.screens.TitleScreen.render(TitleScreen.java:256) ~[forge-1.20.1-47.1.3.jar:?] {re:classloading,pl:runtimedistcleaner:A}
	at net.minecraftforge.client.loading.ForgeLoadingOverlay.render(ForgeLoadingOverlay.java:80) ~[forge-1.20.1-47.1.3.jar:?] {re:classloading}
	at net.minecraft.client.renderer.GameRenderer.render(GameRenderer.java:960) ~[forge-1.20.1-47.1.3.jar:?] {re:classloading,pl:accesstransformer:B,pl:runtimedistcleaner:A}
	at net.minecraft.client.Minecraft.runTick(Minecraft.java:1164) ~[forge-1.20.1-47.1.3.jar:?] {re:classloading,pl:accesstransformer:B,pl:runtimedistcleaner:A}
	at net.minecraft.client.Minecraft.run(Minecraft.java:733) ~[forge-1.20.1-47.1.3.jar:?] {re:classloading,pl:accesstransformer:B,pl:runtimedistcleaner:A}
	at net.minecraft.client.main.Main.main(Main.java:218) ~[forge-1.20.1-47.1.3.jar:?] {re:classloading,pl:runtimedistcleaner:A}
	at jdk.internal.reflect.NativeMethodAccessorImpl.invoke0(Native Method) ~[?:?] {}
	at jdk.internal.reflect.NativeMethodAccessorImpl.invoke(NativeMethodAccessorImpl.java:77) ~[?:?] {}
	at jdk.internal.reflect.DelegatingMethodAccessorImpl.invoke(DelegatingMethodAccessorImpl.java:43) ~[?:?] {}
	at java.lang.reflect.Method.invoke(Method.java:569) ~[?:?] {}
	at net.minecraftforge.fml.loading.targets.CommonLaunchHandler.runTarget(CommonLaunchHandler.java:111) ~[fmlloader-1.20.1-47.1.3.jar:?] {}
	at net.minecraftforge.fml.loading.targets.CommonLaunchHandler.clientService(CommonLaunchHandler.java:99) ~[fmlloader-1.20.1-47.1.3.jar:?] {}
	at net.minecraftforge.fml.loading.targets.ForgeClientUserdevLaunchHandler.devService(ForgeClientUserdevLaunchHandler.java:19) ~[fmlloader-1.20.1-47.1.3.jar:?] {}
	at net.minecraftforge.fml.loading.targets.CommonDevLaunchHandler.lambda$makeService$7(CommonDevLaunchHandler.java:135) ~[fmlloader-1.20.1-47.1.3.jar:?] {}
	at cpw.mods.modlauncher.LaunchServiceHandlerDecorator.launch(LaunchServiceHandlerDecorator.java:30) ~[modlauncher-10.0.10.jar:?] {}
	at cpw.mods.modlauncher.LaunchServiceHandler.launch(LaunchServiceHandler.java:53) ~[modlauncher-10.0.10.jar:?] {}
	at cpw.mods.modlauncher.LaunchServiceHandler.launch(LaunchServiceHandler.java:71) ~[modlauncher-10.0.10.jar:?] {}
	at cpw.mods.modlauncher.Launcher.run(Launcher.java:108) ~[modlauncher-10.0.10.jar:?] {}
	at cpw.mods.modlauncher.Launcher.main(Launcher.java:78) ~[modlauncher-10.0.10.jar:?] {}
	at cpw.mods.modlauncher.BootstrapLaunchConsumer.accept(BootstrapLaunchConsumer.java:26) ~[modlauncher-10.0.10.jar:?] {}
	at cpw.mods.modlauncher.BootstrapLaunchConsumer.accept(BootstrapLaunchConsumer.java:23) ~[modlauncher-10.0.10.jar:?] {}
	at cpw.mods.bootstraplauncher.BootstrapLauncher.main(BootstrapLauncher.java:141) ~[bootstraplauncher-1.1.2.jar:?] {}
	at jdk.internal.reflect.NativeMethodAccessorImpl.invoke0(Native Method) ~[?:?] {}
	at jdk.internal.reflect.NativeMethodAccessorImpl.invoke(NativeMethodAccessorImpl.java:77) ~[?:?] {}
	at jdk.internal.reflect.DelegatingMethodAccessorImpl.invoke(DelegatingMethodAccessorImpl.java:43) ~[?:?] {}
	at java.lang.reflect.Method.invoke(Method.java:569) ~[?:?] {}
	at net.neoforged.devlaunch.Main.main(Main.java:55) ~[?:?] {}
[08:46:38] [Render thread/WARN] [minecraft/TextureManager]: Failed to load texture: minecraft:textures/gui/title/background/panorama_1.png
java.nio.file.NoSuchFileException: /root/.gradle/caches/neoformruntime/assets/objects/28/28389e89137ba4ed2578c6748b23543759580b06
	at sun.nio.fs.UnixException.translateToIOException(UnixException.java:92) ~[?:?] {}
	at sun.nio.fs.UnixException.rethrowAsIOException(UnixException.java:106) ~[?:?] {}
	at sun.nio.fs.UnixException.rethrowAsIOException(UnixException.java:111) ~[?:?] {}
	at sun.nio.fs.UnixFileSystemProvider.newByteChannel(UnixFileSystemProvider.java:218) ~[?:?] {}
	at java.nio.file.Files.newByteChannel(Files.java:380) ~[?:?] {}
	at net.minecraft.server.packs.linkfs.LinkFSProvider.newByteChannel(LinkFSProvider.java:57) ~[forge-1.20.1-47.1.3.jar:?] {re:classloading}
	at java.nio.file.Files.newByteChannel(Files.java:380) ~[?:?] {}
	at java.nio.file.Files.newByteChannel(Files.java:432) ~[?:?] {}
	at java.nio.file.spi.FileSystemProvider.newInputStream(FileSystemProvider.java:422) ~[?:?] {}
	at java.nio.file.Files.newInputStream(Files.java:160) ~[?:?] {}
	at net.minecraft.server.packs.resources.IoSupplier.lambda$create$0(IoSupplier.java:14) ~[forge-1.20.1-47.1.3.jar:?] {re:classloading}
	at net.minecraft.server.packs.resources.Resource.open(Resource.java:44) ~[forge-1.20.1-47.1.3.jar:?] {re:classloading}
	at net.minecraft.client.renderer.texture.SimpleTexture$TextureImage.load(SimpleTexture.java:88) ~[forge-1.20.1-47.1.3.jar:?] {re:classloading,pl:runtimedistcleaner:A}
	at net.minecraft.client.renderer.texture.SimpleTexture.getTextureImage(SimpleTexture.java:59) ~[forge-1.20.1-47.1.3.jar:?] {re:classloading,pl:runtimedistcleaner:A}
	at net.minecraft.client.renderer.texture.SimpleTexture.load(SimpleTexture.java:29) ~[forge-1.20.1-47.1.3.jar:?] {re:classloading,pl:runtimedistcleaner:A}
	at net.minecraft.client.renderer.texture.TextureManager.loadTexture(TextureManager.java:96) ~[forge-1.20.1-47.1.3.jar:?] {re:classloading,pl:runtimedistcleaner:A}
	at net.minecraft.client.renderer.texture.TextureManager.register(TextureManager.java:66) ~[forge-1.20.1-47.1.3.jar:?] {re:classloading,pl:runtimedistcleaner:A}
	at net.minecraft.client.renderer.texture.TextureManager.getTexture(TextureManager.java:119) ~[forge-1.20.1-47.1.3.jar:?] {re:classloading,pl:runtimedistcleaner:A}
	at com.mojang.blaze3d.systems.RenderSystem._setShaderTexture(RenderSystem.java:824) ~[forge-1.20.1-47.1.3.jar:?] {re:classloading,pl:runtimedistcleaner:A}
	at com.mojang.blaze3d.systems.RenderSystem.setShaderTexture(RenderSystem.java:816) ~[forge-1.20.1-47.1.3.jar:?] {re:classloading,pl:runtimedistcleaner:A}
	at net.minecraft.client.renderer.CubeMap.render(CubeMap.java:60) ~[forge-1.20.1-47.1.3.jar:?] {re:classloading,pl:runtimedistcleaner:A}
	at net.minecraft.client.renderer.PanoramaRenderer.render(PanoramaRenderer.java:23) ~[forge-1.20.1-47.1.3.jar:?] {re:classloading,pl:runtimedistcleaner:A}
	at net.minecraft.client.gui.screens.TitleScreen.render(TitleScreen.java:256) ~[forge-1.20.1-47.1.3.jar:?] {re:classloading,pl:runtimedistcleaner:A}
	at net.minecraftforge.client.loading.ForgeLoadingOverlay.render(ForgeLoadingOverlay.java:80) ~[forge-1.20.1-47.1.3.jar:?] {re:classloading}
	at net.minecraft.client.renderer.GameRenderer.render(GameRenderer.java:960) ~[forge-1.20.1-47.1.3.jar:?] {re:classloading,pl:accesstransformer:B,pl:runtimedistcleaner:A}
	at net.minecraft.client.Minecraft.runTick(Minecraft.java:1164) ~[forge-1.20.1-47.1.3.jar:?] {re:classloading,pl:accesstransformer:B,pl:runtimedistcleaner:A}
	at net.minecraft.client.Minecraft.run(Minecraft.java:733) ~[forge-1.20.1-47.1.3.jar:?] {re:classloading,pl:accesstransformer:B,pl:runtimedistcleaner:A}
	at net.minecraft.client.main.Main.main(Main.java:218) ~[forge-1.20.1-47.1.3.jar:?] {re:classloading,pl:runtimedistcleaner:A}
	at jdk.internal.reflect.NativeMethodAccessorImpl.invoke0(Native Method) ~[?:?] {}
	at jdk.internal.reflect.NativeMethodAccessorImpl.invoke(NativeMethodAccessorImpl.java:77) ~[?:?] {}
	at jdk.internal.reflect.DelegatingMethodAccessorImpl.invoke(DelegatingMethodAccessorImpl.java:43) ~[?:?] {}
	at java.lang.reflect.Method.invoke(Method.java:569) ~[?:?] {}
	at net.minecraftforge.fml.loading.targets.CommonLaunchHandler.runTarget(CommonLaunchHandler.java:111) ~[fmlloader-1.20.1-47.1.3.jar:?] {}
	at net.minecraftforge.fml.loading.targets.CommonLaunchHandler.clientService(CommonLaunchHandler.java:99) ~[fmlloader-1.20.1-47.1.3.jar:?] {}
	at net.minecraftforge.fml.loading.targets.ForgeClientUserdevLaunchHandler.devService(ForgeClientUserdevLaunchHandler.java:19) ~[fmlloader-1.20.1-47.1.3.jar:?] {}
	at net.minecraftforge.fml.loading.targets.CommonDevLaunchHandler.lambda$makeService$7(CommonDevLaunchHandler.java:135) ~[fmlloader-1.20.1-47.1.3.jar:?] {}
	at cpw.mods.modlauncher.LaunchServiceHandlerDecorator.launch(LaunchServiceHandlerDecorator.java:30) ~[modlauncher-10.0.10.jar:?] {}
	at cpw.mods.modlauncher.LaunchServiceHandler.launch(LaunchServiceHandler.java:53) ~[modlauncher-10.0.10.jar:?] {}
	at cpw.mods.modlauncher.LaunchServiceHandler.launch(LaunchServiceHandler.java:71) ~[modlauncher-10.0.10.jar:?] {}
	at cpw.mods.modlauncher.Launcher.run(Launcher.java:108) ~[modlauncher-10.0.10.jar:?] {}
	at cpw.mods.modlauncher.Launcher.main(Launcher.java:78) ~[modlauncher-10.0.10.jar:?] {}
	at cpw.mods.modlauncher.BootstrapLaunchConsumer.accept(BootstrapLaunchConsumer.java:26) ~[modlauncher-10.0.10.jar:?] {}
	at cpw.mods.modlauncher.BootstrapLaunchConsumer.accept(BootstrapLaunchConsumer.java:23) ~[modlauncher-10.0.10.jar:?] {}
	at cpw.mods.bootstraplauncher.BootstrapLauncher.main(BootstrapLauncher.java:141) ~[bootstraplauncher-1.1.2.jar:?] {}
	at jdk.internal.reflect.NativeMethodAccessorImpl.invoke0(Native Method) ~[?:?] {}
	at jdk.internal.reflect.NativeMethodAccessorImpl.invoke(NativeMethodAccessorImpl.java:77) ~[?:?] {}
	at jdk.internal.reflect.DelegatingMethodAccessorImpl.invoke(DelegatingMethodAccessorImpl.java:43) ~[?:?] {}
	at java.lang.reflect.Method.invoke(Method.java:569) ~[?:?] {}
	at net.neoforged.devlaunch.Main.main(Main.java:55) ~[?:?] {}
[08:46:38] [Render thread/WARN] [minecraft/TextureManager]: Failed to load texture: minecraft:textures/gui/title/background/panorama_2.png
java.nio.file.NoSuchFileException: /root/.gradle/caches/neoformruntime/assets/objects/28/28ed5175e545a92757ec60a2cc05e4599dd3e96a
	at sun.nio.fs.UnixException.translateToIOException(UnixException.java:92) ~[?:?] {}
	at sun.nio.fs.UnixException.rethrowAsIOException(UnixException.java:106) ~[?:?] {}
	at sun.nio.fs.UnixException.rethrowAsIOException(UnixException.java:111) ~[?:?] {}
	at sun.nio.fs.UnixFileSystemProvider.newByteChannel(UnixFileSystemProvider.java:218) ~[?:?] {}
	at java.nio.file.Files.newByteChannel(Files.java:380) ~[?:?] {}
	at net.minecraft.server.packs.linkfs.LinkFSProvider.newByteChannel(LinkFSProvider.java:57) ~[forge-1.20.1-47.1.3.jar:?] {re:classloading}
	at java.nio.file.Files.newByteChannel(Files.java:380) ~[?:?] {}
	at java.nio.file.Files.newByteChannel(Files.java:432) ~[?:?] {}
	at java.nio.file.spi.FileSystemProvider.newInputStream(FileSystemProvider.java:422) ~[?:?] {}
	at java.nio.file.Files.newInputStream(Files.java:160) ~[?:?] {}
	at net.minecraft.server.packs.resources.IoSupplier.lambda$create$0(IoSupplier.java:14) ~[forge-1.20.1-47.1.3.jar:?] {re:classloading}
	at net.minecraft.server.packs.resources.Resource.open(Resource.java:44) ~[forge-1.20.1-47.1.3.jar:?] {re:classloading}
	at net.minecraft.client.renderer.texture.SimpleTexture$TextureImage.load(SimpleTexture.java:88) ~[forge-1.20.1-47.1.3.jar:?] {re:classloading,pl:runtimedistcleaner:A}
	at net.minecraft.client.renderer.texture.SimpleTexture.getTextureImage(SimpleTexture.java:59) ~[forge-1.20.1-47.1.3.jar:?] {re:classloading,pl:runtimedistcleaner:A}
	at net.minecraft.client.renderer.texture.SimpleTexture.load(SimpleTexture.java:29) ~[forge-1.20.1-47.1.3.jar:?] {re:classloading,pl:runtimedistcleaner:A}
	at net.minecraft.client.renderer.texture.TextureManager.loadTexture(TextureManager.java:96) ~[forge-1.20.1-47.1.3.jar:?] {re:classloading,pl:runtimedistcleaner:A}
	at net.minecraft.client.renderer.texture.TextureManager.register(TextureManager.java:66) ~[forge-1.20.1-47.1.3.jar:?] {re:classloading,pl:runtimedistcleaner:A}
	at net.minecraft.client.renderer.texture.TextureManager.getTexture(TextureManager.java:119) ~[forge-1.20.1-47.1.3.jar:?] {re:classloading,pl:runtimedistcleaner:A}
	at com.mojang.blaze3d.systems.RenderSystem._setShaderTexture(RenderSystem.java:824) ~[forge-1.20.1-47.1.3.jar:?] {re:classloading,pl:runtimedistcleaner:A}
	at com.mojang.blaze3d.systems.RenderSystem.setShaderTexture(RenderSystem.java:816) ~[forge-1.20.1-47.1.3.jar:?] {re:classloading,pl:runtimedistcleaner:A}
	at net.minecraft.client.renderer.CubeMap.render(CubeMap.java:60) ~[forge-1.20.1-47.1.3.jar:?] {re:classloading,pl:runtimedistcleaner:A}
	at net.minecraft.client.renderer.PanoramaRenderer.render(PanoramaRenderer.java:23) ~[forge-1.20.1-47.1.3.jar:?] {re:classloading,pl:runtimedistcleaner:A}
	at net.minecraft.client.gui.screens.TitleScreen.render(TitleScreen.java:256) ~[forge-1.20.1-47.1.3.jar:?] {re:classloading,pl:runtimedistcleaner:A}
	at net.minecraftforge.client.loading.ForgeLoadingOverlay.render(ForgeLoadingOverlay.java:80) ~[forge-1.20.1-47.1.3.jar:?] {re:classloading}
	at net.minecraft.client.renderer.GameRenderer.render(GameRenderer.java:960) ~[forge-1.20.1-47.1.3.jar:?] {re:classloading,pl:accesstransformer:B,pl:runtimedistcleaner:A}
	at net.minecraft.client.Minecraft.runTick(Minecraft.java:1164) ~[forge-1.20.1-47.1.3.jar:?] {re:classloading,pl:accesstransformer:B,pl:runtimedistcleaner:A}
	at net.minecraft.client.Minecraft.run(Minecraft.java:733) ~[forge-1.20.1-47.1.3.jar:?] {re:classloading,pl:accesstransformer:B,pl:runtimedistcleaner:A}
	at net.minecraft.client.main.Main.main(Main.java:218) ~[forge-1.20.1-47.1.3.jar:?] {re:classloading,pl:runtimedistcleaner:A}
	at jdk.internal.reflect.NativeMethodAccessorImpl.invoke0(Native Method) ~[?:?] {}
	at jdk.internal.reflect.NativeMethodAccessorImpl.invoke(NativeMethodAccessorImpl.java:77) ~[?:?] {}
	at jdk.internal.reflect.DelegatingMethodAccessorImpl.invoke(DelegatingMethodAccessorImpl.java:43) ~[?:?] {}
	at java.lang.reflect.Method.invoke(Method.java:569) ~[?:?] {}
	at net.minecraftforge.fml.loading.targets.CommonLaunchHandler.runTarget(CommonLaunchHandler.java:111) ~[fmlloader-1.20.1-47.1.3.jar:?] {}
	at net.minecraftforge.fml.loading.targets.CommonLaunchHandler.clientService(CommonLaunchHandler.java:99) ~[fmlloader-1.20.1-47.1.3.jar:?] {}
	at net.minecraftforge.fml.loading.targets.ForgeClientUserdevLaunchHandler.devService(ForgeClientUserdevLaunchHandler.java:19) ~[fmlloader-1.20.1-47.1.3.jar:?] {}
	at net.minecraftforge.fml.loading.targets.CommonDevLaunchHandler.lambda$makeService$7(CommonDevLaunchHandler.java:135) ~[fmlloader-1.20.1-47.1.3.jar:?] {}
	at cpw.mods.modlauncher.LaunchServiceHandlerDecorator.launch(LaunchServiceHandlerDecorator.java:30) ~[modlauncher-10.0.10.jar:?] {}
	at cpw.mods.modlauncher.LaunchServiceHandler.launch(LaunchServiceHandler.java:53) ~[modlauncher-10.0.10.jar:?] {}
	at cpw.mods.modlauncher.LaunchServiceHandler.launch(LaunchServiceHandler.java:71) ~[modlauncher-10.0.10.jar:?] {}
	at cpw.mods.modlauncher.Launcher.run(Launcher.java:108) ~[modlauncher-10.0.10.jar:?] {}
	at cpw.mods.modlauncher.Launcher.main(Launcher.java:78) ~[modlauncher-10.0.10.jar:?] {}
	at cpw.mods.modlauncher.BootstrapLaunchConsumer.accept(BootstrapLaunchConsumer.java:26) ~[modlauncher-10.0.10.jar:?] {}
	at cpw.mods.modlauncher.BootstrapLaunchConsumer.accept(BootstrapLaunchConsumer.java:23) ~[modlauncher-10.0.10.jar:?] {}
	at cpw.mods.bootstraplauncher.BootstrapLauncher.main(BootstrapLauncher.java:141) ~[bootstraplauncher-1.1.2.jar:?] {}
	at jdk.internal.reflect.NativeMethodAccessorImpl.invoke0(Native Method) ~[?:?] {}
	at jdk.internal.reflect.NativeMethodAccessorImpl.invoke(NativeMethodAccessorImpl.java:77) ~[?:?] {}
	at jdk.internal.reflect.DelegatingMethodAccessorImpl.invoke(DelegatingMethodAccessorImpl.java:43) ~[?:?] {}
	at java.lang.reflect.Method.invoke(Method.java:569) ~[?:?] {}
	at net.neoforged.devlaunch.Main.main(Main.java:55) ~[?:?] {}
[08:46:38] [Render thread/WARN] [minecraft/TextureManager]: Failed to load texture: minecraft:textures/gui/title/background/panorama_3.png
java.nio.file.NoSuchFileException: /root/.gradle/caches/neoformruntime/assets/objects/29/29ef924f1bb2a66ec35aa032ca8ab59431a2ebf6
	at sun.nio.fs.UnixException.translateToIOException(UnixException.java:92) ~[?:?] {}
	at sun.nio.fs.UnixException.rethrowAsIOException(UnixException.java:106) ~[?:?] {}
	at sun.nio.fs.UnixException.rethrowAsIOException(UnixException.java:111) ~[?:?] {}
	at sun.nio.fs.UnixFileSystemProvider.newByteChannel(UnixFileSystemProvider.java:218) ~[?:?] {}
	at java.nio.file.Files.newByteChannel(Files.java:380) ~[?:?] {}
	at net.minecraft.server.packs.linkfs.LinkFSProvider.newByteChannel(LinkFSProvider.java:57) ~[forge-1.20.1-47.1.3.jar:?] {re:classloading}
	at java.nio.file.Files.newByteChannel(Files.java:380) ~[?:?] {}
	at java.nio.file.Files.newByteChannel(Files.java:432) ~[?:?] {}
	at java.nio.file.spi.FileSystemProvider.newInputStream(FileSystemProvider.java:422) ~[?:?] {}
	at java.nio.file.Files.newInputStream(Files.java:160) ~[?:?] {}
	at net.minecraft.server.packs.resources.IoSupplier.lambda$create$0(IoSupplier.java:14) ~[forge-1.20.1-47.1.3.jar:?] {re:classloading}
	at net.minecraft.server.packs.resources.Resource.open(Resource.java:44) ~[forge-1.20.1-47.1.3.jar:?] {re:classloading}
	at net.minecraft.client.renderer.texture.SimpleTexture$TextureImage.load(SimpleTexture.java:88) ~[forge-1.20.1-47.1.3.jar:?] {re:classloading,pl:runtimedistcleaner:A}
	at net.minecraft.client.renderer.texture.SimpleTexture.getTextureImage(SimpleTexture.java:59) ~[forge-1.20.1-47.1.3.jar:?] {re:classloading,pl:runtimedistcleaner:A}
	at net.minecraft.client.renderer.texture.SimpleTexture.load(SimpleTexture.java:29) ~[forge-1.20.1-47.1.3.jar:?] {re:classloading,pl:runtimedistcleaner:A}
	at net.minecraft.client.renderer.texture.TextureManager.loadTexture(TextureManager.java:96) ~[forge-1.20.1-47.1.3.jar:?] {re:classloading,pl:runtimedistcleaner:A}
	at net.minecraft.client.renderer.texture.TextureManager.register(TextureManager.java:66) ~[forge-1.20.1-47.1.3.jar:?] {re:classloading,pl:runtimedistcleaner:A}
	at net.minecraft.client.renderer.texture.TextureManager.getTexture(TextureManager.java:119) ~[forge-1.20.1-47.1.3.jar:?] {re:classloading,pl:runtimedistcleaner:A}
	at com.mojang.blaze3d.systems.RenderSystem._setShaderTexture(RenderSystem.java:824) ~[forge-1.20.1-47.1.3.jar:?] {re:classloading,pl:runtimedistcleaner:A}
	at com.mojang.blaze3d.systems.RenderSystem.setShaderTexture(RenderSystem.java:816) ~[forge-1.20.1-47.1.3.jar:?] {re:classloading,pl:runtimedistcleaner:A}
	at net.minecraft.client.renderer.CubeMap.render(CubeMap.java:60) ~[forge-1.20.1-47.1.3.jar:?] {re:classloading,pl:runtimedistcleaner:A}
	at net.minecraft.client.renderer.PanoramaRenderer.render(PanoramaRenderer.java:23) ~[forge-1.20.1-47.1.3.jar:?] {re:classloading,pl:runtimedistcleaner:A}
	at net.minecraft.client.gui.screens.TitleScreen.render(TitleScreen.java:256) ~[forge-1.20.1-47.1.3.jar:?] {re:classloading,pl:runtimedistcleaner:A}
	at net.minecraftforge.client.loading.ForgeLoadingOverlay.render(ForgeLoadingOverlay.java:80) ~[forge-1.20.1-47.1.3.jar:?] {re:classloading}
	at net.minecraft.client.renderer.GameRenderer.render(GameRenderer.java:960) ~[forge-1.20.1-47.1.3.jar:?] {re:classloading,pl:accesstransformer:B,pl:runtimedistcleaner:A}
	at net.minecraft.client.Minecraft.runTick(Minecraft.java:1164) ~[forge-1.20.1-47.1.3.jar:?] {re:classloading,pl:accesstransformer:B,pl:runtimedistcleaner:A}
	at net.minecraft.client.Minecraft.run(Minecraft.java:733) ~[forge-1.20.1-47.1.3.jar:?] {re:classloading,pl:accesstransformer:B,pl:runtimedistcleaner:A}
	at net.minecraft.client.main.Main.main(Main.java:218) ~[forge-1.20.1-47.1.3.jar:?] {re:classloading,pl:runtimedistcleaner:A}
	at jdk.internal.reflect.NativeMethodAccessorImpl.invoke0(Native Method) ~[?:?] {}
	at jdk.internal.reflect.NativeMethodAccessorImpl.invoke(NativeMethodAccessorImpl.java:77) ~[?:?] {}
	at jdk.internal.reflect.DelegatingMethodAccessorImpl.invoke(DelegatingMethodAccessorImpl.java:43) ~[?:?] {}
	at java.lang.reflect.Method.invoke(Method.java:569) ~[?:?] {}
	at net.minecraftforge.fml.loading.targets.CommonLaunchHandler.runTarget(CommonLaunchHandler.java:111) ~[fmlloader-1.20.1-47.1.3.jar:?] {}
	at net.minecraftforge.fml.loading.targets.CommonLaunchHandler.clientService(CommonLaunchHandler.java:99) ~[fmlloader-1.20.1-47.1.3.jar:?] {}
	at net.minecraftforge.fml.loading.targets.ForgeClientUserdevLaunchHandler.devService(ForgeClientUserdevLaunchHandler.java:19) ~[fmlloader-1.20.1-47.1.3.jar:?] {}
	at net.minecraftforge.fml.loading.targets.CommonDevLaunchHandler.lambda$makeService$7(CommonDevLaunchHandler.java:135) ~[fmlloader-1.20.1-47.1.3.jar:?] {}
	at cpw.mods.modlauncher.LaunchServiceHandlerDecorator.launch(LaunchServiceHandlerDecorator.java:30) ~[modlauncher-10.0.10.jar:?] {}
	at cpw.mods.modlauncher.LaunchServiceHandler.launch(LaunchServiceHandler.java:53) ~[modlauncher-10.0.10.jar:?] {}
	at cpw.mods.modlauncher.LaunchServiceHandler.launch(LaunchServiceHandler.java:71) ~[modlauncher-10.0.10.jar:?] {}
	at cpw.mods.modlauncher.Launcher.run(Launcher.java:108) ~[modlauncher-10.0.10.jar:?] {}
	at cpw.mods.modlauncher.Launcher.main(Launcher.java:78) ~[modlauncher-10.0.10.jar:?] {}
	at cpw.mods.modlauncher.BootstrapLaunchConsumer.accept(BootstrapLaunchConsumer.java:26) ~[modlauncher-10.0.10.jar:?] {}
	at cpw.mods.modlauncher.BootstrapLaunchConsumer.accept(BootstrapLaunchConsumer.java:23) ~[modlauncher-10.0.10.jar:?] {}
	at cpw.mods.bootstraplauncher.BootstrapLauncher.main(BootstrapLauncher.java:141) ~[bootstraplauncher-1.1.2.jar:?] {}
	at jdk.internal.reflect.NativeMethodAccessorImpl.invoke0(Native Method) ~[?:?] {}
	at jdk.internal.reflect.NativeMethodAccessorImpl.invoke(NativeMethodAccessorImpl.java:77) ~[?:?] {}
	at jdk.internal.reflect.DelegatingMethodAccessorImpl.invoke(DelegatingMethodAccessorImpl.java:43) ~[?:?] {}
	at java.lang.reflect.Method.invoke(Method.java:569) ~[?:?] {}
	at net.neoforged.devlaunch.Main.main(Main.java:55) ~[?:?] {}
[08:46:38] [Render thread/WARN] [minecraft/TextureManager]: Failed to load texture: minecraft:textures/gui/title/background/panorama_4.png
java.nio.file.NoSuchFileException: /root/.gradle/caches/neoformruntime/assets/objects/db/dbd2a426590ecbbbe2ee416d8fa00e1cac800008
	at sun.nio.fs.UnixException.translateToIOException(UnixException.java:92) ~[?:?] {}
	at sun.nio.fs.UnixException.rethrowAsIOException(UnixException.java:106) ~[?:?] {}
	at sun.nio.fs.UnixException.rethrowAsIOException(UnixException.java:111) ~[?:?] {}
	at sun.nio.fs.UnixFileSystemProvider.newByteChannel(UnixFileSystemProvider.java:218) ~[?:?] {}
	at java.nio.file.Files.newByteChannel(Files.java:380) ~[?:?] {}
	at net.minecraft.server.packs.linkfs.LinkFSProvider.newByteChannel(LinkFSProvider.java:57) ~[forge-1.20.1-47.1.3.jar:?] {re:classloading}
	at java.nio.file.Files.newByteChannel(Files.java:380) ~[?:?] {}
	at java.nio.file.Files.newByteChannel(Files.java:432) ~[?:?] {}
	at java.nio.file.spi.FileSystemProvider.newInputStream(FileSystemProvider.java:422) ~[?:?] {}
	at java.nio.file.Files.newInputStream(Files.java:160) ~[?:?] {}
	at net.minecraft.server.packs.resources.IoSupplier.lambda$create$0(IoSupplier.java:14) ~[forge-1.20.1-47.1.3.jar:?] {re:classloading}
	at net.minecraft.server.packs.resources.Resource.open(Resource.java:44) ~[forge-1.20.1-47.1.3.jar:?] {re:classloading}
	at net.minecraft.client.renderer.texture.SimpleTexture$TextureImage.load(SimpleTexture.java:88) ~[forge-1.20.1-47.1.3.jar:?] {re:classloading,pl:runtimedistcleaner:A}
	at net.minecraft.client.renderer.texture.SimpleTexture.getTextureImage(SimpleTexture.java:59) ~[forge-1.20.1-47.1.3.jar:?] {re:classloading,pl:runtimedistcleaner:A}
	at net.minecraft.client.renderer.texture.SimpleTexture.load(SimpleTexture.java:29) ~[forge-1.20.1-47.1.3.jar:?] {re:classloading,pl:runtimedistcleaner:A}
	at net.minecraft.client.renderer.texture.TextureManager.loadTexture(TextureManager.java:96) ~[forge-1.20.1-47.1.3.jar:?] {re:classloading,pl:runtimedistcleaner:A}
	at net.minecraft.client.renderer.texture.TextureManager.register(TextureManager.java:66) ~[forge-1.20.1-47.1.3.jar:?] {re:classloading,pl:runtimedistcleaner:A}
	at net.minecraft.client.renderer.texture.TextureManager.getTexture(TextureManager.java:119) ~[forge-1.20.1-47.1.3.jar:?] {re:classloading,pl:runtimedistcleaner:A}
	at com.mojang.blaze3d.systems.RenderSystem._setShaderTexture(RenderSystem.java:824) ~[forge-1.20.1-47.1.3.jar:?] {re:classloading,pl:runtimedistcleaner:A}
	at com.mojang.blaze3d.systems.RenderSystem.setShaderTexture(RenderSystem.java:816) ~[forge-1.20.1-47.1.3.jar:?] {re:classloading,pl:runtimedistcleaner:A}
	at net.minecraft.client.renderer.CubeMap.render(CubeMap.java:60) ~[forge-1.20.1-47.1.3.jar:?] {re:classloading,pl:runtimedistcleaner:A}
	at net.minecraft.client.renderer.PanoramaRenderer.render(PanoramaRenderer.java:23) ~[forge-1.20.1-47.1.3.jar:?] {re:classloading,pl:runtimedistcleaner:A}
	at net.minecraft.client.gui.screens.TitleScreen.render(TitleScreen.java:256) ~[forge-1.20.1-47.1.3.jar:?] {re:classloading,pl:runtimedistcleaner:A}
	at net.minecraftforge.client.loading.ForgeLoadingOverlay.render(ForgeLoadingOverlay.java:80) ~[forge-1.20.1-47.1.3.jar:?] {re:classloading}
	at net.minecraft.client.renderer.GameRenderer.render(GameRenderer.java:960) ~[forge-1.20.1-47.1.3.jar:?] {re:classloading,pl:accesstransformer:B,pl:runtimedistcleaner:A}
	at net.minecraft.client.Minecraft.runTick(Minecraft.java:1164) ~[forge-1.20.1-47.1.3.jar:?] {re:classloading,pl:accesstransformer:B,pl:runtimedistcleaner:A}
	at net.minecraft.client.Minecraft.run(Minecraft.java:733) ~[forge-1.20.1-47.1.3.jar:?] {re:classloading,pl:accesstransformer:B,pl:runtimedistcleaner:A}
	at net.minecraft.client.main.Main.main(Main.java:218) ~[forge-1.20.1-47.1.3.jar:?] {re:classloading,pl:runtimedistcleaner:A}
	at jdk.internal.reflect.NativeMethodAccessorImpl.invoke0(Native Method) ~[?:?] {}
	at jdk.internal.reflect.NativeMethodAccessorImpl.invoke(NativeMethodAccessorImpl.java:77) ~[?:?] {}
	at jdk.internal.reflect.DelegatingMethodAccessorImpl.invoke(DelegatingMethodAccessorImpl.java:43) ~[?:?] {}
	at java.lang.reflect.Method.invoke(Method.java:569) ~[?:?] {}
	at net.minecraftforge.fml.loading.targets.CommonLaunchHandler.runTarget(CommonLaunchHandler.java:111) ~[fmlloader-1.20.1-47.1.3.jar:?] {}
	at net.minecraftforge.fml.loading.targets.CommonLaunchHandler.clientService(CommonLaunchHandler.java:99) ~[fmlloader-1.20.1-47.1.3.jar:?] {}
	at net.minecraftforge.fml.loading.targets.ForgeClientUserdevLaunchHandler.devService(ForgeClientUserdevLaunchHandler.java:19) ~[fmlloader-1.20.1-47.1.3.jar:?] {}
	at net.minecraftforge.fml.loading.targets.CommonDevLaunchHandler.lambda$makeService$7(CommonDevLaunchHandler.java:135) ~[fmlloader-1.20.1-47.1.3.jar:?] {}
	at cpw.mods.modlauncher.LaunchServiceHandlerDecorator.launch(LaunchServiceHandlerDecorator.java:30) ~[modlauncher-10.0.10.jar:?] {}
	at cpw.mods.modlauncher.LaunchServiceHandler.launch(LaunchServiceHandler.java:53) ~[modlauncher-10.0.10.jar:?] {}
	at cpw.mods.modlauncher.LaunchServiceHandler.launch(LaunchServiceHandler.java:71) ~[modlauncher-10.0.10.jar:?] {}
	at cpw.mods.modlauncher.Launcher.run(Launcher.java:108) ~[modlauncher-10.0.10.jar:?] {}
	at cpw.mods.modlauncher.Launcher.main(Launcher.java:78) ~[modlauncher-10.0.10.jar:?] {}
	at cpw.mods.modlauncher.BootstrapLaunchConsumer.accept(BootstrapLaunchConsumer.java:26) ~[modlauncher-10.0.10.jar:?] {}
	at cpw.mods.modlauncher.BootstrapLaunchConsumer.accept(BootstrapLaunchConsumer.java:23) ~[modlauncher-10.0.10.jar:?] {}
	at cpw.mods.bootstraplauncher.BootstrapLauncher.main(BootstrapLauncher.java:141) ~[bootstraplauncher-1.1.2.jar:?] {}
	at jdk.internal.reflect.NativeMethodAccessorImpl.invoke0(Native Method) ~[?:?] {}
	at jdk.internal.reflect.NativeMethodAccessorImpl.invoke(NativeMethodAccessorImpl.java:77) ~[?:?] {}
	at jdk.internal.reflect.DelegatingMethodAccessorImpl.invoke(DelegatingMethodAccessorImpl.java:43) ~[?:?] {}
	at java.lang.reflect.Method.invoke(Method.java:569) ~[?:?] {}
	at net.neoforged.devlaunch.Main.main(Main.java:55) ~[?:?] {}
[08:46:38] [Render thread/WARN] [minecraft/TextureManager]: Failed to load texture: minecraft:textures/gui/title/background/panorama_5.png
java.nio.file.NoSuchFileException: /root/.gradle/caches/neoformruntime/assets/objects/34/344a480830217004a601358cb2bdbb4ccccf88a9
	at sun.nio.fs.UnixException.translateToIOException(UnixException.java:92) ~[?:?] {}
	at sun.nio.fs.UnixException.rethrowAsIOException(UnixException.java:106) ~[?:?] {}
	at sun.nio.fs.UnixException.rethrowAsIOException(UnixException.java:111) ~[?:?] {}
	at sun.nio.fs.UnixFileSystemProvider.newByteChannel(UnixFileSystemProvider.java:218) ~[?:?] {}
	at java.nio.file.Files.newByteChannel(Files.java:380) ~[?:?] {}
	at net.minecraft.server.packs.linkfs.LinkFSProvider.newByteChannel(LinkFSProvider.java:57) ~[forge-1.20.1-47.1.3.jar:?] {re:classloading}
	at java.nio.file.Files.newByteChannel(Files.java:380) ~[?:?] {}
	at java.nio.file.Files.newByteChannel(Files.java:432) ~[?:?] {}
	at java.nio.file.spi.FileSystemProvider.newInputStream(FileSystemProvider.java:422) ~[?:?] {}
	at java.nio.file.Files.newInputStream(Files.java:160) ~[?:?] {}
	at net.minecraft.server.packs.resources.IoSupplier.lambda$create$0(IoSupplier.java:14) ~[forge-1.20.1-47.1.3.jar:?] {re:classloading}
	at net.minecraft.server.packs.resources.Resource.open(Resource.java:44) ~[forge-1.20.1-47.1.3.jar:?] {re:classloading}
	at net.minecraft.client.renderer.texture.SimpleTexture$TextureImage.load(SimpleTexture.java:88) ~[forge-1.20.1-47.1.3.jar:?] {re:classloading,pl:runtimedistcleaner:A}
	at net.minecraft.client.renderer.texture.SimpleTexture.getTextureImage(SimpleTexture.java:59) ~[forge-1.20.1-47.1.3.jar:?] {re:classloading,pl:runtimedistcleaner:A}
	at net.minecraft.client.renderer.texture.SimpleTexture.load(SimpleTexture.java:29) ~[forge-1.20.1-47.1.3.jar:?] {re:classloading,pl:runtimedistcleaner:A}
	at net.minecraft.client.renderer.texture.TextureManager.loadTexture(TextureManager.java:96) ~[forge-1.20.1-47.1.3.jar:?] {re:classloading,pl:runtimedistcleaner:A}
	at net.minecraft.client.renderer.texture.TextureManager.register(TextureManager.java:66) ~[forge-1.20.1-47.1.3.jar:?] {re:classloading,pl:runtimedistcleaner:A}
	at net.minecraft.client.renderer.texture.TextureManager.getTexture(TextureManager.java:119) ~[forge-1.20.1-47.1.3.jar:?] {re:classloading,pl:runtimedistcleaner:A}
	at com.mojang.blaze3d.systems.RenderSystem._setShaderTexture(RenderSystem.java:824) ~[forge-1.20.1-47.1.3.jar:?] {re:classloading,pl:runtimedistcleaner:A}
	at com.mojang.blaze3d.systems.RenderSystem.setShaderTexture(RenderSystem.java:816) ~[forge-1.20.1-47.1.3.jar:?] {re:classloading,pl:runtimedistcleaner:A}
	at net.minecraft.client.renderer.CubeMap.render(CubeMap.java:60) ~[forge-1.20.1-47.1.3.jar:?] {re:classloading,pl:runtimedistcleaner:A}
	at net.minecraft.client.renderer.PanoramaRenderer.render(PanoramaRenderer.java:23) ~[forge-1.20.1-47.1.3.jar:?] {re:classloading,pl:runtimedistcleaner:A}
	at net.minecraft.client.gui.screens.TitleScreen.render(TitleScreen.java:256) ~[forge-1.20.1-47.1.3.jar:?] {re:classloading,pl:runtimedistcleaner:A}
	at net.minecraftforge.client.loading.ForgeLoadingOverlay.render(ForgeLoadingOverlay.java:80) ~[forge-1.20.1-47.1.3.jar:?] {re:classloading}
	at net.minecraft.client.renderer.GameRenderer.render(GameRenderer.java:960) ~[forge-1.20.1-47.1.3.jar:?] {re:classloading,pl:accesstransformer:B,pl:runtimedistcleaner:A}
	at net.minecraft.client.Minecraft.runTick(Minecraft.java:1164) ~[forge-1.20.1-47.1.3.jar:?] {re:classloading,pl:accesstransformer:B,pl:runtimedistcleaner:A}
	at net.minecraft.client.Minecraft.run(Minecraft.java:733) ~[forge-1.20.1-47.1.3.jar:?] {re:classloading,pl:accesstransformer:B,pl:runtimedistcleaner:A}
	at net.minecraft.client.main.Main.main(Main.java:218) ~[forge-1.20.1-47.1.3.jar:?] {re:classloading,pl:runtimedistcleaner:A}
	at jdk.internal.reflect.NativeMethodAccessorImpl.invoke0(Native Method) ~[?:?] {}
	at jdk.internal.reflect.NativeMethodAccessorImpl.invoke(NativeMethodAccessorImpl.java:77) ~[?:?] {}
	at jdk.internal.reflect.DelegatingMethodAccessorImpl.invoke(DelegatingMethodAccessorImpl.java:43) ~[?:?] {}
	at java.lang.reflect.Method.invoke(Method.java:569) ~[?:?] {}
	at net.minecraftforge.fml.loading.targets.CommonLaunchHandler.runTarget(CommonLaunchHandler.java:111) ~[fmlloader-1.20.1-47.1.3.jar:?] {}
	at net.minecraftforge.fml.loading.targets.CommonLaunchHandler.clientService(CommonLaunchHandler.java:99) ~[fmlloader-1.20.1-47.1.3.jar:?] {}
	at net.minecraftforge.fml.loading.targets.ForgeClientUserdevLaunchHandler.devService(ForgeClientUserdevLaunchHandler.java:19) ~[fmlloader-1.20.1-47.1.3.jar:?] {}
	at net.minecraftforge.fml.loading.targets.CommonDevLaunchHandler.lambda$makeService$7(CommonDevLaunchHandler.java:135) ~[fmlloader-1.20.1-47.1.3.jar:?] {}
	at cpw.mods.modlauncher.LaunchServiceHandlerDecorator.launch(LaunchServiceHandlerDecorator.java:30) ~[modlauncher-10.0.10.jar:?] {}
	at cpw.mods.modlauncher.LaunchServiceHandler.launch(LaunchServiceHandler.java:53) ~[modlauncher-10.0.10.jar:?] {}
	at cpw.mods.modlauncher.LaunchServiceHandler.launch(LaunchServiceHandler.java:71) ~[modlauncher-10.0.10.jar:?] {}
	at cpw.mods.modlauncher.Launcher.run(Launcher.java:108) ~[modlauncher-10.0.10.jar:?] {}
	at cpw.mods.modlauncher.Launcher.main(Launcher.java:78) ~[modlauncher-10.0.10.jar:?] {}
	at cpw.mods.modlauncher.BootstrapLaunchConsumer.accept(BootstrapLaunchConsumer.java:26) ~[modlauncher-10.0.10.jar:?] {}
	at cpw.mods.modlauncher.BootstrapLaunchConsumer.accept(BootstrapLaunchConsumer.java:23) ~[modlauncher-10.0.10.jar:?] {}
	at cpw.mods.bootstraplauncher.BootstrapLauncher.main(BootstrapLauncher.java:141) ~[bootstraplauncher-1.1.2.jar:?] {}
	at jdk.internal.reflect.NativeMethodAccessorImpl.invoke0(Native Method) ~[?:?] {}
	at jdk.internal.reflect.NativeMethodAccessorImpl.invoke(NativeMethodAccessorImpl.java:77) ~[?:?] {}
	at jdk.internal.reflect.DelegatingMethodAccessorImpl.invoke(DelegatingMethodAccessorImpl.java:43) ~[?:?] {}
	at java.lang.reflect.Method.invoke(Method.java:569) ~[?:?] {}
	at net.neoforged.devlaunch.Main.main(Main.java:55) ~[?:?] {}
[08:46:38] [Render thread/WARN] [minecraft/TextureManager]: Failed to load texture: minecraft:textures/gui/title/background/panorama_overlay.png
java.nio.file.NoSuchFileException: /root/.gradle/caches/neoformruntime/assets/objects/9d/9dd32387135eefa7ab95996d52a5ca4cec8a3b30
	at sun.nio.fs.UnixException.translateToIOException(UnixException.java:92) ~[?:?] {}
	at sun.nio.fs.UnixException.rethrowAsIOException(UnixException.java:106) ~[?:?] {}
	at sun.nio.fs.UnixException.rethrowAsIOException(UnixException.java:111) ~[?:?] {}
	at sun.nio.fs.UnixFileSystemProvider.newByteChannel(UnixFileSystemProvider.java:218) ~[?:?] {}
	at java.nio.file.Files.newByteChannel(Files.java:380) ~[?:?] {}
	at net.minecraft.server.packs.linkfs.LinkFSProvider.newByteChannel(LinkFSProvider.java:57) ~[forge-1.20.1-47.1.3.jar:?] {re:classloading}
	at java.nio.file.Files.newByteChannel(Files.java:380) ~[?:?] {}
	at java.nio.file.Files.newByteChannel(Files.java:432) ~[?:?] {}
	at java.nio.file.spi.FileSystemProvider.newInputStream(FileSystemProvider.java:422) ~[?:?] {}
	at java.nio.file.Files.newInputStream(Files.java:160) ~[?:?] {}
	at net.minecraft.server.packs.resources.IoSupplier.lambda$create$0(IoSupplier.java:14) ~[forge-1.20.1-47.1.3.jar:?] {re:classloading}
	at net.minecraft.server.packs.resources.Resource.open(Resource.java:44) ~[forge-1.20.1-47.1.3.jar:?] {re:classloading}
	at net.minecraft.client.renderer.texture.SimpleTexture$TextureImage.load(SimpleTexture.java:88) ~[forge-1.20.1-47.1.3.jar:?] {re:classloading,pl:runtimedistcleaner:A}
	at net.minecraft.client.renderer.texture.SimpleTexture.getTextureImage(SimpleTexture.java:59) ~[forge-1.20.1-47.1.3.jar:?] {re:classloading,pl:runtimedistcleaner:A}
	at net.minecraft.client.renderer.texture.SimpleTexture.load(SimpleTexture.java:29) ~[forge-1.20.1-47.1.3.jar:?] {re:classloading,pl:runtimedistcleaner:A}
	at net.minecraft.client.renderer.texture.TextureManager.loadTexture(TextureManager.java:96) ~[forge-1.20.1-47.1.3.jar:?] {re:classloading,pl:runtimedistcleaner:A}
	at net.minecraft.client.renderer.texture.TextureManager.register(TextureManager.java:66) ~[forge-1.20.1-47.1.3.jar:?] {re:classloading,pl:runtimedistcleaner:A}
	at net.minecraft.client.renderer.texture.TextureManager.getTexture(TextureManager.java:119) ~[forge-1.20.1-47.1.3.jar:?] {re:classloading,pl:runtimedistcleaner:A}
	at com.mojang.blaze3d.systems.RenderSystem._setShaderTexture(RenderSystem.java:824) ~[forge-1.20.1-47.1.3.jar:?] {re:classloading,pl:runtimedistcleaner:A}
	at com.mojang.blaze3d.systems.RenderSystem.setShaderTexture(RenderSystem.java:816) ~[forge-1.20.1-47.1.3.jar:?] {re:classloading,pl:runtimedistcleaner:A}
	at net.minecraft.client.gui.GuiGraphics.innerBlit(GuiGraphics.java:733) ~[forge-1.20.1-47.1.3.jar:?] {re:classloading,pl:runtimedistcleaner:A}
	at net.minecraft.client.gui.GuiGraphics.blit(GuiGraphics.java:713) ~[forge-1.20.1-47.1.3.jar:?] {re:classloading,pl:runtimedistcleaner:A}
	at net.minecraft.client.gui.GuiGraphics.blit(GuiGraphics.java:672) ~[forge-1.20.1-47.1.3.jar:?] {re:classloading,pl:runtimedistcleaner:A}
	at net.minecraft.client.gui.screens.TitleScreen.render(TitleScreen.java:259) ~[forge-1.20.1-47.1.3.jar:?] {re:classloading,pl:runtimedistcleaner:A}
	at net.minecraftforge.client.loading.ForgeLoadingOverlay.render(ForgeLoadingOverlay.java:80) ~[forge-1.20.1-47.1.3.jar:?] {re:classloading}
	at net.minecraft.client.renderer.GameRenderer.render(GameRenderer.java:960) ~[forge-1.20.1-47.1.3.jar:?] {re:classloading,pl:accesstransformer:B,pl:runtimedistcleaner:A}
	at net.minecraft.client.Minecraft.runTick(Minecraft.java:1164) ~[forge-1.20.1-47.1.3.jar:?] {re:classloading,pl:accesstransformer:B,pl:runtimedistcleaner:A}
	at net.minecraft.client.Minecraft.run(Minecraft.java:733) ~[forge-1.20.1-47.1.3.jar:?] {re:classloading,pl:accesstransformer:B,pl:runtimedistcleaner:A}
	at net.minecraft.client.main.Main.main(Main.java:218) ~[forge-1.20.1-47.1.3.jar:?] {re:classloading,pl:runtimedistcleaner:A}
	at jdk.internal.reflect.NativeMethodAccessorImpl.invoke0(Native Method) ~[?:?] {}
	at jdk.internal.reflect.NativeMethodAccessorImpl.invoke(NativeMethodAccessorImpl.java:77) ~[?:?] {}
	at jdk.internal.reflect.DelegatingMethodAccessorImpl.invoke(DelegatingMethodAccessorImpl.java:43) ~[?:?] {}
	at java.lang.reflect.Method.invoke(Method.java:569) ~[?:?] {}
	at net.minecraftforge.fml.loading.targets.CommonLaunchHandler.runTarget(CommonLaunchHandler.java:111) ~[fmlloader-1.20.1-47.1.3.jar:?] {}
	at net.minecraftforge.fml.loading.targets.CommonLaunchHandler.clientService(CommonLaunchHandler.java:99) ~[fmlloader-1.20.1-47.1.3.jar:?] {}
	at net.minecraftforge.fml.loading.targets.ForgeClientUserdevLaunchHandler.devService(ForgeClientUserdevLaunchHandler.java:19) ~[fmlloader-1.20.1-47.1.3.jar:?] {}
	at net.minecraftforge.fml.loading.targets.CommonDevLaunchHandler.lambda$makeService$7(CommonDevLaunchHandler.java:135) ~[fmlloader-1.20.1-47.1.3.jar:?] {}
	at cpw.mods.modlauncher.LaunchServiceHandlerDecorator.launch(LaunchServiceHandlerDecorator.java:30) ~[modlauncher-10.0.10.jar:?] {}
	at cpw.mods.modlauncher.LaunchServiceHandler.launch(LaunchServiceHandler.java:53) ~[modlauncher-10.0.10.jar:?] {}
	at cpw.mods.modlauncher.LaunchServiceHandler.launch(LaunchServiceHandler.java:71) ~[modlauncher-10.0.10.jar:?] {}
	at cpw.mods.modlauncher.Launcher.run(Launcher.java:108) ~[modlauncher-10.0.10.jar:?] {}
	at cpw.mods.modlauncher.Launcher.main(Launcher.java:78) ~[modlauncher-10.0.10.jar:?] {}
	at cpw.mods.modlauncher.BootstrapLaunchConsumer.accept(BootstrapLaunchConsumer.java:26) ~[modlauncher-10.0.10.jar:?] {}
	at cpw.mods.modlauncher.BootstrapLaunchConsumer.accept(BootstrapLaunchConsumer.java:23) ~[modlauncher-10.0.10.jar:?] {}
	at cpw.mods.bootstraplauncher.BootstrapLauncher.main(BootstrapLauncher.java:141) ~[bootstraplauncher-1.1.2.jar:?] {}
	at jdk.internal.reflect.NativeMethodAccessorImpl.invoke0(Native Method) ~[?:?] {}
	at jdk.internal.reflect.NativeMethodAccessorImpl.invoke(NativeMethodAccessorImpl.java:77) ~[?:?] {}
	at jdk.internal.reflect.DelegatingMethodAccessorImpl.invoke(DelegatingMethodAccessorImpl.java:43) ~[?:?] {}
	at java.lang.reflect.Method.invoke(Method.java:569) ~[?:?] {}
	at net.neoforged.devlaunch.Main.main(Main.java:55) ~[?:?] {}
[08:46:38] [Realms Notification Availability checker #1/INFO] [mojang/RealmsClient]: Could not authorize you against Realms server: java.lang.RuntimeException: Failed to parse into SignedJWT: 0
[08:49:02] [Render thread/INFO] [ne.mi.re.GameData/REGISTRIES]: Injecting existing registry data into this CLIENT instance
[08:49:06] [Render thread/INFO] [minecraft/RecipeManager]: Loaded 7 recipes
[08:49:06] [Render thread/INFO] [minecraft/AdvancementList]: Loaded 1271 advancements
[08:49:07] [Server thread/INFO] [minecraft/IntegratedServer]: Starting integrated minecraft server version 1.20.1
[08:49:07] [Server thread/INFO] [minecraft/MinecraftServer]: Generating keypair
[08:49:08] [Server thread/INFO] [minecraft/MinecraftServer]: Preparing start region for dimension minecraft:overworld
[08:49:10] [Render thread/INFO] [minecraft/LoggerChunkProgressListener]: Preparing spawn area: 0%
[08:49:10] [Render thread/INFO] [minecraft/LoggerChunkProgressListener]: Preparing spawn area: 0%
[08:49:10] [Render thread/INFO] [minecraft/LoggerChunkProgressListener]: Preparing spawn area: 0%
[08:49:10] [Render thread/INFO] [minecraft/LoggerChunkProgressListener]: Preparing spawn area: 0%
[08:49:10] [Render thread/INFO] [minecraft/LoggerChunkProgressListener]: Preparing spawn area: 0%
[08:49:11] [Render thread/INFO] [minecraft/LoggerChunkProgressListener]: Preparing spawn area: 0%
[08:49:11] [Render thread/INFO] [minecraft/LoggerChunkProgressListener]: Preparing spawn area: 15%
[08:49:12] [Render thread/INFO] [minecraft/LoggerChunkProgressListener]: Preparing spawn area: 35%
[08:49:12] [Render thread/INFO] [minecraft/LoggerChunkProgressListener]: Preparing spawn area: 74%
[08:49:14] [Render thread/INFO] [minecraft/LoggerChunkProgressListener]: Preparing spawn area: 86%
[08:49:14] [Render thread/INFO] [minecraft/LoggerChunkProgressListener]: Preparing spawn area: 86%
[08:49:14] [Render thread/INFO] [minecraft/LoggerChunkProgressListener]: Preparing spawn area: 91%
[08:49:14] [Render thread/INFO] [minecraft/LoggerChunkProgressListener]: Time elapsed: 5681 ms
[08:49:14] [Server thread/INFO] [ne.mi.se.pe.PermissionAPI/]: Successfully initialized permission handler forge:default_handler
[08:49:14] [Server thread/INFO] [minecraft/IntegratedServer]: Changing view distance to 12, from 10
[08:49:14] [Server thread/INFO] [minecraft/IntegratedServer]: Changing simulation distance to 12, from 0
[08:49:14] [Render thread/WARN] [io.ne.ut.in.SystemPropertyUtil/]: Unable to parse the boolean system property 'java.net.preferIPv6Addresses':system - using the default value: false
[08:49:15] [Netty Local Client IO #0/INFO] [ne.mi.ne.NetworkHooks/]: Connected to a modded server.
[08:49:15] [Server thread/INFO] [minecraft/PlayerList]: Dev[local:E:30834393] logged in with entity id 272 at (24.5, 78.0, -48.5)
[08:49:15] [Server thread/INFO] [minecraft/MinecraftServer]: Dev joined the game
[08:49:16] [Render thread/INFO] [minecraft/AdvancementList]: Loaded 2 advancements
[lightningfruit] holding item, keybinds ready
[lightningfruit] holding item, keybinds ready
[lightningfruit] holding item, keybinds ready
[lightningfruit] holding item, keybinds ready
[lightningfruit] holding item, keybinds ready
[lightningfruit] holding item, keybinds ready
[lightningfruit] holding item, keybinds ready
[lightningfruit] holding item, keybinds ready
[lightningfruit] holding item, keybinds ready
[lightningfruit] holding item, keybinds ready
[lightningfruit] holding item, keybinds ready
[lightningfruit] holding item, keybinds ready
[lightningfruit] holding item, keybinds ready
[lightningfruit] holding item, keybinds ready
[lightningfruit] holding item, keybinds ready
[lightningfruit] holding item, keybinds ready
[lightningfruit] holding item, keybinds ready
[lightningfruit] holding item, keybinds ready
[lightningfruit] holding item, keybinds ready
[08:50:52] [Server thread/INFO] [minecraft/MinecraftServer]: [Dev: Gave 1 [Energy Charge] to Dev]
[08:50:52] [Render thread/INFO] [minecraft/ChatComponent]: [System] [CHAT] Gave 1 [Energy Charge] to Dev
[08:50:53] [Server thread/INFO] [minecraft/IntegratedServer]: Saving and pausing game...
[08:50:53] [Server thread/INFO] [minecraft/MinecraftServer]: Saving chunks for level 'ServerLevel[New World]'/minecraft:overworld
[08:50:53] [Server thread/INFO] [minecraft/MinecraftServer]: Saving chunks for level 'ServerLevel[New World]'/minecraft:the_nether
[08:50:53] [Server thread/INFO] [minecraft/MinecraftServer]: Saving chunks for level 'ServerLevel[New World]'/minecraft:the_end
[lightningfruit] holding item, keybinds ready
[lightningfruit] holding item, keybinds ready
[lightningfruit] holding item, keybinds ready
[lightningfruit] holding item, keybinds ready
[lightningfruit] holding item, keybinds ready
[lightningfruit] holding item, keybinds ready
[lightningfruit] holding item, keybinds ready
[lightningfruit] holding item, keybinds ready
[lightningfruit] holding item, keybinds ready
[lightningfruit] holding item, keybinds ready
[lightningfruit] holding item, keybinds ready
[lightningfruit] holding item, keybinds ready
[lightningfruit] holding item, keybinds ready
[lightningfruit] holding item, keybinds ready
[lightningfruit] holding item, keybinds ready
[lightningfruit] holding item, keybinds ready
[lightningfruit] holding item, keybinds ready
[lightningfruit] holding item, keybinds ready
[lightningfruit] holding item, keybinds ready
[lightningfruit] holding item, keybinds ready
[lightningfruit] holding item, keybinds ready
[lightningfruit] holding item, keybinds ready
[lightningfruit] holding item, keybinds ready
[lightningfruit] holding item, keybinds ready
[lightningfruit] holding item, keybinds ready
[lightningfruit] holding item, keybinds ready
[lightningfruit] holding item, keybinds ready
[lightningfruit] holding item, keybinds ready
[lightningfruit] holding item, keybinds ready
[lightningfruit] holding item, keybinds ready
[lightningfruit] holding item, keybinds ready
[lightningfruit] holding item, keybinds ready
[lightningfruit] holding item, keybinds ready
[lightningfruit] holding item, keybinds ready
[lightningfruit] holding item, keybinds ready
[lightningfruit] holding item, keybinds ready
[lightningfruit] holding item, keybinds ready
[lightningfruit] holding item, keybinds ready
[lightningfruit] holding item, keybinds ready
[lightningfruit] holding item, keybinds ready
[lightningfruit] holding item, keybinds ready
[lightningfruit] holding item, keybinds ready
[lightningfruit] holding item, keybinds ready
[lightningfruit] holding item, keybinds ready
[lightningfruit] holding item, keybinds ready
[lightningfruit] holding item, keybinds ready
[lightningfruit] holding item, keybinds ready
[lightningfruit] holding item, keybinds ready
[lightningfruit] holding item, keybinds ready
[lightningfruit] holding item, keybinds ready
[lightningfruit] holding item, keybinds ready
[lightningfruit] holding item, keybinds ready
[lightningfruit] holding item, keybinds ready
[lightningfruit] holding item, keybinds ready
[lightningfruit] holding item, keybinds ready
[lightningfruit] holding item, keybinds ready
